Driver / Operator Type,Incident Time (24:00),Lighting,Roadway Type,Posted Speed Limit (MPH),State,Weather - Clear,Weather - Rain,Weather - Snow,Weather - Cloudy,Weather - Fog/Smoke,Weather - Severe Wind,Roadway Surface,Roadway Description,SV Pre-Crash Movement,CP Pre-Crash Movement,SV Precrash Speed (MPH),Crash With,SV Contact Area - Front,SV Contact Area - Rear,SV Contact Area - Left,SV Contact Area - Right,SV Contact Area - Front Left,SV Contact Area - Front Right,SV Contact Area - Rear Left,SV Contact Area - Rear Right,SV Were All Passengers Belted?,CP Any Air Bags Deployed?,SV Any Air Bags Deployed?,Automation System Engaged?,ADS Equipped?,Make,Model Year,Mileage,CP Was Vehicle Towed?,SV Was Vehicle Towed?
0.034657806,-0.031446725,0.051304914,-0.16219091,0.0,-5.9377868e-05,0.42049062,0.34149376,0.018795358,0.0033449722,0.003733635,-0.00094023277,-0.00801425,-0.01597174,-0.0022421444,-0.0017012903,0.005976359,-0.034468688,-0.03270927,0.011936704,-0.13029641,0.0007361006,-0.032176413,-0.17599422,-0.005295871,0.014456707,0.023227492,-0.11090402,-0.1343975,-0.061343182,-0.00058867456,-0.0046640127,0.00031163072,0.0006747401,0.04400393,0.0
0.033502005,-0.009352681,0.034261815,-0.1639067,0.0,0.0041927504,0.49273458,0.28153118,0.01045241,0.0033449722,0.003733635,-0.026511038,-0.00801425,0.024293525,-0.0022421444,-0.00061346457,0.011000491,-0.034877524,-0.02023096,0.014549056,-0.12357358,-0.009030606,-0.033827372,-0.20035926,-0.005295871,0.014140512,0.019994035,-0.119845144,-0.13311483,-0.06393024,-0.00032692222,-0.0052083144,0.00031163072,0.0006747401,0.043871325,0.0
-0.2931112,0.047913644,-0.085792705,0.04120193,0.0,0.0036226865,0.41140863,0.36529216,-0.00023244263,0.0033449722,0.003733635,-0.080238305,-0.00801425,0.12798882,-0.0022421444,-0.00035340956,0.009472733,-0.03802997,-0.002915317,0.01451329,-0.11599959,-0.0054973187,-0.032823406,-0.05113468,-0.005295871,0.012220653,0.021531021,-0.10639867,-0.017291797,-0.06393024,-0.00032692222,-0.0036165833,0.00031163072,0.0038144307,0.04400393,0.0
0.030470952,-0.008759855,0.04800226,-0.59650606,0.0,0.0035138782,0.37632364,0.34285218,0.005281506,0.0033449722,0.003733635,-0.022819554,-0.00801425,0.11424504,-0.0022421444,-0.00035340956,0.0069809724,-0.0354011,-0.0023531204,0.01451329,-0.11961475,0.0016791547,-0.03155468,-0.01210704,-0.005295871,0.013497307,0.021959782,-0.09874869,-0.017965218,-0.06393024,-0.00032692222,-0.0040384354,0.00031163072,0.0014188256,0.04400393,0.0
0.030470952,-0.0113997,0.034103535,-0.59159577,0.0,0.0035138782,0.4417094,0.28941715,-0.0022825967,0.0033449722,0.003733635,-0.025564307,-0.00801425,0.045678705,-0.0022421444,-0.00035340956,0.0069391048,-0.034182522,-0.0016314744,0.01451329,-0.11961475,-0.006927889,-0.033827372,-0.00342642,-0.005295871,0.013497307,0.021920398,-0.11821808,0.04094851,-0.06393024,-0.00032692222,-0.0036165833,0.00031163072,0.0014188256,0.04400393,0.0
0.030470952,-0.008759855,0.04800226,-0.59650606,0.0,0.0035138782,0.37632364,0.34285218,0.005281506,0.0033449722,0.003733635,-0.022819554,-0.00801425,0.11424504,-0.0022421444,-0.00035340956,0.0069809724,-0.0354011,-0.0023531204,0.01451329,-0.11961475,0.0016791547,-0.03155468,-0.01210704,-0.005295871,0.013497307,0.021959782,-0.09874869,-0.017965218,-0.06393024,-0.00032692222,-0.0040384354,0.00031163072,0.0014188256,0.04400393,0.0
-0.2931644,0.054556392,-0.085792705,0.040586296,0.0,0.0035598548,0.41051802,0.3629388,-0.00023244263,0.0033449722,0.003733635,-0.080238305,-0.00801425,0.12798882,-0.0022421444,-0.00035340956,0.009472733,-0.038579658,-0.002915317,0.01451329,-0.11599959,-0.0055353716,-0.032823406,-0.04569053,-0.005295871,0.012220653,0.021531021,-0.107753016,-0.016809436,-0.06393024,-0.00032692222,-0.0036649825,0.00031163072,0.0038144307,0.04400393,0.0
0.030470952,-0.008856034,0.04800226,-0.5962094,0.0,0.0035138782,0.4829732,0.34285218,0.0027258815,0.0033449722,0.003733635,-0.025880164,-0.00801425,0.114802755,-0.0022421444,-0.00035340956,0.010140224,-0.0354011,-0.0024633284,0.01451329,-0.11961475,-0.005147475,-0.03155468,-0.009295012,-0.005295871,0.013497307,0.01974671,-0.09874869,-0.017965218,-0.06393024,-0.00032692222,-0.003711945,0.00031163072,0.0014188256,0.04400393,0.0
0.030470952,-0.0113997,0.04800226,-0.5862465,0.0,0.0035138782,0.44195604,0.3429187,0.0076815416,0.0033449722,0.003733635,-0.025564307,-0.00801425,0.04448715,-0.0022421444,-0.00035340956,0.0069391048,-0.03485141,-0.00016596801,0.01451329,-0.11961475,-0.006907913,-0.03155468,0.023142714,-0.005295871,0.013497307,0.021890312,-0.09704792,0.040911853,-0.06393024,-0.00032692222,-0.0036165833,0.00031163072,0.0014188256,0.04400393,0.0
-0.2931112,-0.018363852,-0.111039326,0.039330292,0.0,0.0036226865,0.371791,0.413336,0.0092883,0.0033449722,0.003733635,-0.065788105,-0.00801425,0.12476224,-0.0022421444,-0.00035340956,0.008743476,-0.038666606,-0.0013396029,0.01451329,-0.11599959,0.001308616,-0.031230692,-0.01796933,-0.005295871,0.012220653,0.023127114,-0.09608249,-0.016846092,-0.06393024,-0.00032692222,-0.0040384354,0.00031163072,0.0038144307,0.04400393,0.0
-0.2904286,0.039885286,-0.10741884,0.040200785,0.0,0.0039202473,0.37294385,0.40744713,0.009618246,0.0033449722,0.003733635,-0.08311879,-0.00801425,0.12677538,-0.0022421444,-0.00035340956,0.010287928,-0.038084205,-0.0014498107,0.01451329,-0.11599959,-0.009654273,-0.031230692,-0.023265151,-0.005295871,0.012169179,0.023113783,-0.093397334,-0.017328454,-0.06393024,-0.00032692222,-0.0036165833,0.00031163072,0.0038144307,0.04400393,0.0
0.029884,-0.010948141,0.034103535,-0.6020935,0.0,0.0046986197,0.44100994,0.28339517,-0.0075728297,0.0033449722,0.003733635,-0.025582502,-0.00801425,0.11544331,-0.0022421444,-0.00035340956,0.007280058,-0.0346995,-0.0039288346,0.01451329,-0.11961475,-0.0053675817,-0.033827372,-0.039731238,-0.005295871,0.013385001,0.021920398,-0.11893447,-0.017928561,-0.06393024,-0.00032692222,-0.0036165833,0.00031163072,0.0014188256,0.04400393,0.0
0.030470952,-0.011657565,0.034103535,-0.6020935,0.0,0.0035138782,0.44100994,0.28941715,-0.0075728297,0.0033449722,0.003733635,-0.025582502,-0.00801425,0.11544331,-0.0022421444,-0.00035340956,0.007280058,-0.034182522,-0.0039288346,0.01451329,-0.11961475,-0.0047009233,-0.033827372,-0.0452724,-0.005295871,0.013497307,0.021920398,-0.11821808,-0.018410923,-0.06393024,-0.00032692222,-0.0036165833,0.00031163072,0.0014188256,0.04400393,0.0
0.030470952,-0.006724701,0.03115403,-0.5995291,0.0,0.0035138782,0.4304833,0.28935063,-0.007261318,0.0033449722,0.003733635,-0.028760647,-0.00801425,0.11769427,-0.0022421444,-0.00035340956,0.011289615,-0.034732215,-0.0039288346,0.01451329,-0.11961475,-0.008312365,-0.033827372,-0.036640394,-0.005295871,0.013497307,0.021836402,-0.11991885,-0.017928561,-0.06393024,-0.00032692222,-0.003711945,0.00031163072,0.0014188256,0.04400393,0.0
-0.2931112,0.054556392,-0.085792705,0.040586296,0.0,0.0035598548,0.41037092,0.36522564,-0.00023244263,0.0033449722,0.003733635,-0.080238305,-0.00801425,0.12798882,-0.0022421444,-0.00035340956,0.009472733,-0.038579658,-0.002915317,0.01451329,-0.11599959,-0.0055353716,-0.032823406,-0.046275232,-0.005295871,0.012220653,0.021531021,-0.108099446,-0.016809436,-0.06393024,-0.00032692222,-0.0036649825,0.00031163072,0.0038144307,0.04400393,0.0
-0.31233615,0.05525717,-0.08601064,0.025739798,0.0,0.0017594033,0.41967317,0.36369652,0.020253306,0.0033449722,0.003733635,-0.08105371,-0.008727108,0.039317805,-0.0022421444,-0.00061346457,0.009806895,-0.03875769,-0.018828904,0.014549056,-0.11719604,-0.008739993,-0.032798517,-0.1014677,-0.005295871,0.0127184205,0.021662686,-0.10650502,-0.081318885,-0.06393024,-0.00032692222,-0.005112953,0.00031163072,0.0038144307,0.043871325,0.0
0.029884,-0.011003695,0.034103535,-0.6020935,0.0,0.004635788,0.44089687,0.28339517,-0.0075728297,0.0033449722,0.003733635,-0.025582502,-0.00801425,0.11544331,-0.0022421444,-0.00035340956,0.007280058,-0.0346995,-0.0039288346,0.01451329,-0.11961475,-0.0054056346,-0.033827372,-0.039888788,-0.005295871,0.013385001,0.021920398,-0.11893447,-0.017928561,-0.06393024,-0.00032692222,-0.0036649825,0.00031163072,0.0014188256,0.04400393,0.0
0.033502005,-0.007085572,0.03131231,-0.1671831,0.0,0.004255581,0.41940138,0.28159773,0.0044445726,0.0033449722,0.003733635,-0.029409716,-0.00801425,0.051322494,-0.0022421444,-0.00061346457,0.012318863,-0.03432783,-0.021514595,0.014549056,-0.12357358,-0.009260844,-0.033827372,-0.17759119,-0.005295871,0.014140512,0.022053642,-0.11814437,-0.15352912,-0.06393024,-0.00032692222,-0.0051599154,0.00031163072,0.0006747401,0.043871325,0.0
0.030470952,-0.0113997,0.04800226,-0.5862465,0.0,0.0035138782,0.44195604,0.34285218,0.0076815416,0.0033449722,0.003733635,-0.025564307,-0.00801425,0.04448715,-0.0022421444,-0.00035340956,0.0069391048,-0.0354011,-0.00016596801,0.01451329,-0.11961475,-0.006907913,-0.03155468,0.050914466,-0.005295871,0.013497307,0.021890312,-0.09874869,0.042481504,-0.06393024,-0.00032692222,-0.0036165833,0.00031163072,0.0014188256,0.04400393,0.0
0.029884,-0.010690277,0.034103535,-0.5914884,0.0,0.0046986197,0.45795956,0.28339517,-0.0023199846,0.0033449722,0.003733635,-0.025564307,-0.00801425,0.04509162,-0.0022421444,-0.00035340956,0.0069391048,-0.0346995,-0.0016314744,0.01451329,-0.11961475,-0.008020908,-0.033827372,0.02150507,-0.005295871,0.013385001,0.021920398,-0.11893447,0.0425352,-0.06393024,-0.00032692222,-0.0036165833,0.00031163072,0.0014188256,0.04400393,0.0
0.030475508,-0.008653724,0.034103535,-0.21206602,0.0,0.0034510465,0.4930409,0.28656852,-0.019379372,0.0033449722,0.003733635,-0.02586197,-0.00801425,0.03341275,-0.0022421444,-0.00035340956,0.009799272,-0.034732215,0.0033832032,0.01451329,-0.11961475,-0.007863511,-0.033827372,-0.045155622,-0.005295871,0.013497307,0.019580081,-0.11957242,-0.009049138,-0.06393024,-0.00032692222,-0.003760344,0.00031163072,0.0006747401,0.04400393,0.0
0.029888555,-0.0058530914,0.04800226,-0.21805277,0.0,0.004635788,0.43043062,0.33159485,-0.012063209,0.0033449722,0.003733635,-0.023766283,-0.00801425,0.07474731,-0.0022421444,-0.00035340956,0.008797362,-0.03501487,0.0024763604,0.014549056,-0.11961475,0.0005783348,-0.03155468,-0.052295446,-0.005295871,0.013385001,0.019816179,-0.09538825,-0.03753847,-0.06393024,-0.00032692222,-0.0048431284,0.00031163072,0.0006747401,0.043871325,0.0
0.030470952,-0.011657565,0.034103535,-0.6020935,0.0,0.0035138782,0.44100994,0.28941715,-0.0075728297,0.0033449722,0.003733635,-0.025582502,-0.00801425,0.11544331,-0.0022421444,-0.00035340956,0.007280058,-0.034182522,-0.0039288346,0.01451329,-0.11961475,-0.0047009233,-0.033827372,-0.0452724,-0.005295871,0.013497307,0.021920398,-0.11821808,-0.018410923,-0.06393024,-0.00032692222,-0.0036165833,0.00031163072,0.0014188256,0.04400393,0.0
-0.2904286,0.04403994,-0.085792705,0.04120193,0.0,0.0038574156,0.41184548,0.3589708,-0.00023244263,0.0033449722,0.003733635,-0.08088738,-0.00801425,0.12798882,-0.0022421444,-0.00035340956,0.009472733,-0.038724974,-0.0030250861,0.014549056,-0.11599959,-0.006238061,-0.032823406,-0.045751076,-0.005295871,0.012169179,0.021531021,-0.10721518,-0.016789278,-0.06393024,-0.00032692222,-0.0036649825,0.00031163072,0.0038144307,0.043871325,0.0
-0.2931112,-0.018363852,-0.085792705,0.039715804,0.0,0.0036226865,0.37154436,0.36522564,-0.0005854543,0.0033449722,0.003733635,-0.065788105,-0.00801425,0.1259538,-0.0022421444,-0.00035340956,0.008743476,-0.038579658,-0.0028051091,0.01451329,-0.11599959,0.0012886401,-0.032823406,-0.04481068,-0.005295871,0.012220653,0.0231572,-0.108099446,-0.016809436,-0.06393024,-0.00032692222,-0.0040384354,0.00031163072,0.0038144307,0.04400393,0.0
0.034657806,-0.03166706,0.036221616,-0.1632298,0.0,-5.9377868e-05,0.423525,0.2879208,0.010256421,0.0033449722,0.003733635,-0.00094023277,-0.00801425,-0.015559251,-0.0022421444,-0.00061346457,0.009023277,-0.03416653,-0.020669285,0.01451329,-0.13023643,0.00088161184,-0.034449104,-0.19450416,-0.005295871,0.014456707,0.023428762,-0.13250315,-0.13331848,-0.06393024,-0.00058867456,-0.0046640127,0.00031163072,0.0006747401,0.04400393,0.0
-0.2931112,-0.021261558,-0.111039326,0.039392073,0.0,0.0036226865,0.43672395,0.41340253,0.0063981,0.0033449722,0.003733635,-0.068551056,-0.00801425,0.12477684,-0.0022421444,-0.00035340956,0.009042563,-0.038116917,-0.0014498107,0.01451329,-0.11599959,-0.005051486,-0.031230692,-0.023789303,-0.005295871,0.012220653,0.023057645,-0.09438172,-0.017328454,-0.06393024,-0.00032692222,-0.0036165833,0.00031163072,0.0038144307,0.04400393,0.0
0.030470952,-0.011657565,0.04800226,-0.5967442,0.0,0.0035138782,0.44125658,0.34285218,0.0023913074,0.0033449722,0.003733635,-0.025582502,-0.00801425,0.11425175,-0.0022421444,-0.00035340956,0.007280058,-0.0354011,-0.0024633284,0.01451329,-0.11961475,-0.0046809474,-0.03155468,-0.012910004,-0.005295871,0.013497307,0.021890312,-0.09874869,-0.017965218,-0.06393024,-0.00032692222,-0.0036165833,0.00031163072,0.0014188256,0.04400393,0.0
0.030470952,-0.011657565,0.04800226,-0.59663683,0.0,0.0035138782,0.45750675,0.3429187,0.002353919,0.0033449722,0.003733635,-0.025582502,-0.00801425,0.11401637,-0.0022421444,-0.00035340956,0.007280058,-0.03485141,-0.0024633284,0.01451329,-0.11961475,-0.005107306,-0.03155468,-0.021291403,-0.005295871,0.013497307,0.021890312,-0.09704792,-0.018430544,-0.06393024,-0.00032692222,-0.0036165833,0.00031163072,0.0014188256,0.04400393,0.0
0.031003624,-0.025396507,0.036103893,-0.20945528,0.0,0.0023242347,0.3596367,0.28674382,-0.018757341,0.0033449722,0.003733635,-0.0020209723,-0.00801425,-0.026074806,-0.0022421444,-0.00035340956,0.007698871,-0.03416653,0.0032850082,0.01451329,-0.12637739,0.014452451,-0.034449104,-0.01792513,-0.005295871,0.013713328,0.02308428,-0.1315396,-0.008628548,-0.06393024,-0.00058867456,-0.003637894,0.00031163072,0.0006747401,0.04400393,0.0
0.034657806,-0.03150228,0.036221616,-0.16336206,0.0,-0.00020774826,0.4201309,0.2879922,0.008809674,0.0033449722,0.003733635,-0.00094023277,-0.00801425,-0.015559251,-0.0022421444,-0.0017012903,0.005976359,-0.033799797,-0.034174774,0.011936704,-0.13029641,0.0006800203,-0.034449104,-0.19152895,-0.005295871,0.014456707,0.023257578,-0.13250315,-0.13438329,-0.061343182,-0.00058867456,-0.0047124117,0.00031163072,0.0006747401,0.04400393,0.0
0.030470952,-0.011657565,0.034103535,-0.5995291,0.0,0.0035138782,0.44807738,0.28935063,-0.0072382567,0.0033449722,0.003733635,-0.025582502,-0.00801425,0.11771613,-0.0022421444,-0.00035340956,0.007280058,-0.034732215,-0.0039288346,0.01451329,-0.11961475,-0.004635024,-0.033827372,-0.036640394,-0.005295871,0.013497307,0.021920398,-0.11991885,-0.017928561,-0.06393024,-0.00032692222,-0.0036165833,0.00031163072,0.0014188256,0.04400393,0.0
0.030470952,-0.011657565,0.04800226,-0.5967442,0.0,0.0035138782,0.44125658,0.34285218,0.0023913074,0.0033449722,0.003733635,-0.025582502,-0.00801425,0.11425175,-0.0022421444,-0.00035340956,0.007280058,-0.0354011,-0.0024633284,0.01451329,-0.11961475,-0.0046809474,-0.03155468,-0.012910004,-0.005295871,0.013497307,0.021890312,-0.09874869,-0.017965218,-0.06393024,-0.00032692222,-0.0036165833,0.00031163072,0.0014188256,0.04400393,0.0
0.031003624,-0.030345304,0.036103893,-0.21368927,0.0,0.0023242347,0.42014927,0.28681523,-0.026144918,0.0033449722,0.003733635,-0.0009584306,-0.00801425,-0.071934275,-0.0022421444,-0.0014412353,0.0053075575,-0.033799797,-0.021467641,0.011936704,-0.12643737,0.0033456977,-0.034449104,-0.045714322,-0.005295871,0.013713328,0.022977648,-0.1315396,-0.036902998,-0.061343182,-0.00058867456,-0.003216042,0.00031163072,0.0006747401,0.04400393,0.0
0.030470952,-0.008759855,0.034103535,-0.60174805,0.0,0.0035138782,0.39370224,0.28935063,-0.004720021,0.0033449722,0.003733635,-0.022819554,-0.00801425,0.114849515,-0.0022421444,-0.00035340956,0.0069809724,-0.034732215,-0.0038186267,0.01451329,-0.11961475,0.0010430276,-0.033827372,-0.042312786,-0.005295871,0.013497307,0.021989867,-0.11991885,-0.017911525,-0.06393024,-0.00032692222,-0.0040384354,0.00031163072,0.0014188256,0.04400393,0.0
0.030470952,-0.008856034,0.034144092,-0.21917424,0.0,0.0035138782,0.4723077,0.28928673,-0.02498104,0.0033449722,0.003733635,-0.02776879,-0.00801425,0.07820231,-0.0022421444,-0.00035340956,0.010140224,-0.034935035,0.0012795688,0.01451329,-0.11961475,-0.0051630726,-0.034049116,-0.071573906,-0.005295871,0.013497307,0.021368865,-0.12126215,-0.037056644,-0.06393024,-0.00032692222,-0.003711945,0.00031163072,0.0006747401,0.04400393,0.0
0.030470952,-0.008501992,0.04800226,-0.5859801,0.0,0.0035138782,0.3770231,0.3429187,0.008451868,0.0033449722,0.003733635,-0.022801358,-0.00801425,0.044480447,-0.0022421444,-0.00035340956,0.0068159197,-0.03485141,-5.576019e-05,0.01451329,-0.11961475,-0.00055539707,-0.03155468,0.023945678,-0.005295871,0.013497307,0.021959782,-0.09704792,0.040911853,-0.06393024,-0.00032692222,-0.0040384354,0.00031163072,0.0014188256,0.04400393,0.0
0.029884,-0.010394124,0.036144454,-0.59974045,0.0,0.004916362,0.45593694,0.28361103,-0.0072382567,0.0033449722,0.003733635,-0.025984632,-0.00801425,0.11771613,-0.0022421444,-0.00035340956,0.010625064,-0.034133814,-0.0039288346,0.01451329,-0.12025763,0.0023657442,-0.034449104,-0.03552604,-0.005295871,0.0133738555,0.020401299,-0.13090165,-0.017946871,-0.06393024,-0.00032692222,-0.0033114036,0.00031163072,0.0014188256,0.04400393,0.0
0.030470952,-0.011657565,0.034103535,-0.6020935,0.0,0.0035138782,0.44100994,0.28941715,-0.0075728297,0.0033449722,0.003733635,-0.025582502,-0.00801425,0.11544331,-0.0022421444,-0.00035340956,0.007280058,-0.034182522,-0.0039288346,0.01451329,-0.11961475,-0.0047009233,-0.033827372,-0.0452724,-0.005295871,0.013497307,0.021920398,-0.11821808,-0.018410923,-0.06393024,-0.00032692222,-0.0036165833,0.00031163072,0.0014188256,0.04400393,0.0
0.029884,-0.010690277,0.034103535,-0.59159577,0.0,0.0046986197,0.4417094,0.28339517,-0.0022825967,0.0033449722,0.003733635,-0.025564307,-0.00801425,0.045678705,-0.0022421444,-0.00035340956,0.0069391048,-0.0346995,-0.0016314744,0.01451329,-0.11961475,-0.007594547,-0.033827372,0.02486946,-0.005295871,0.013385001,0.021920398,-0.11893447,0.04251816,-0.06393024,-0.00032692222,-0.0036165833,0.00031163072,0.0014188256,0.04400393,0.0
0.029888555,-0.010690277,0.034103535,-0.59159577,0.0,0.0046986197,0.4418565,0.28339517,-0.0022825967,0.0033449722,0.003733635,-0.025564307,-0.00801425,0.045678705,-0.0022421444,-0.00035340956,0.0069391048,-0.0346995,-0.0016314744,0.01451329,-0.11961475,-0.007594547,-0.033827372,0.025454164,-0.005295871,0.013385001,0.021920398,-0.11858804,0.04251816,-0.06393024,-0.00032692222,-0.0036165833,0.00031163072,0.0014188256,0.04400393,0.0
0.031003624,-0.030258683,0.036103893,-0.20954254,0.0,0.0023242347,0.4242679,0.28674382,-0.01952133,0.0033449722,0.003733635,-0.00094023277,-0.00801425,-0.02607168,-0.0022421444,-0.00035340956,0.007822057,-0.03416653,0.0031748007,0.01451329,-0.12637739,0.0011708348,-0.034449104,-0.019232132,-0.005295871,0.013713328,0.02301481,-0.1315396,-0.008628548,-0.06393024,-0.00058867456,-0.003216042,0.00031163072,0.0006747401,0.04400393,0.0
-0.2931644,0.04407945,-0.08043404,0.040586296,0.0,0.0036226865,0.3728443,0.3629388,-0.00025550497,0.0033449722,0.003733635,-0.08311879,-0.00801425,0.12796696,-0.0022421444,-0.00035340956,0.010287928,-0.038579658,-0.002915317,0.01451329,-0.11599959,-0.00899628,-0.032823406,-0.04553298,-0.005295871,0.012220653,0.023129726,-0.107753016,-0.016809436,-0.06393024,-0.00032692222,-0.0036165833,0.00031163072,0.0038144307,0.04400393,0.0
0.034657806,-0.03166706,0.036221616,-0.1632298,0.0,-5.9377868e-05,0.423525,0.2879208,0.010256421,0.0033449722,0.003733635,-0.00094023277,-0.00801425,-0.015559251,-0.0022421444,-0.00061346457,0.009023277,-0.03416653,-0.020669285,0.01451329,-0.13023643,0.00088161184,-0.034449104,-0.19450416,-0.005295871,0.014456707,0.023428762,-0.13250315,-0.13331848,-0.06393024,-0.00058867456,-0.0046640127,0.00031163072,0.0006747401,0.04400393,0.0
0.030470952,-0.013905076,0.036103893,-0.6020935,0.0,0.0037316205,0.4230093,0.2892265,-0.0075728297,0.0033449722,0.003733635,-0.026336038,-0.00801425,0.11544331,-0.0022421444,-0.00035340956,0.0077648973,-0.034344554,-0.0040386035,0.014549056,-0.12025763,0.00321485,-0.034449104,-0.040013533,-0.005295871,0.013486162,0.022741614,-0.13198614,-0.017926717,-0.06393024,-0.00032692222,-0.003216042,0.00031163072,0.0014188256,0.043871325,0.0
0.030470952,-0.008911587,0.034103535,-0.5996284,0.0,0.0034510465,0.4716464,0.28935063,-0.0072382567,0.0033449722,0.003733635,-0.025880164,-0.00801425,0.11771613,-0.0022421444,-0.00035340956,0.010140224,-0.034732215,-0.0039288346,0.01451329,-0.11961475,-0.005169466,-0.033827372,-0.036727373,-0.005295871,0.013497307,0.019580081,-0.11991885,-0.017928561,-0.06393024,-0.00032692222,-0.003760344,0.00031163072,0.0014188256,0.04400393,0.0
0.029884,-0.007888747,0.034144092,-0.5892427,0.0,0.0046986197,0.47188815,0.28350228,-0.0019480225,0.0033449722,0.003733635,-0.02586197,-0.00801425,0.047951534,-0.0022421444,-0.00035340956,0.009799272,-0.034149807,-0.0016314744,0.01451329,-0.11961475,-0.008025041,-0.033827372,0.002563537,-0.005295871,0.013385001,0.019580081,-0.11723369,0.04094851,-0.06393024,-0.00032692222,-0.003711945,0.00031163072,0.0014188256,0.04400393,0.0
0.030416671,-0.007888747,0.034103535,-0.21206602,0.0,0.0032912344,0.49442545,0.28061312,-0.019489126,0.0033449722,0.003733635,-0.025812296,-0.00801425,0.03341275,-0.0022421444,-0.00035340956,0.0096836155,-0.0346995,0.0031748007,0.01451329,-0.12573452,-0.008269581,-0.033827372,-0.043755967,-0.005295871,0.013612167,0.019715525,-0.11858804,-0.008405716,-0.06393024,-0.00058867456,-0.003711945,0.00031163072,0.0006747401,0.04400393,0.0
0.030470952,-0.011713118,0.034103535,-0.6020935,0.0,0.0034510465,0.44089687,0.28935063,-0.0075728297,0.0033449722,0.003733635,-0.025582502,-0.00801425,0.11544331,-0.0022421444,-0.00035340956,0.007280058,-0.034732215,-0.0039288346,0.01451329,-0.11961475,-0.0047389762,-0.033827372,-0.040412936,-0.005295871,0.013497307,0.021920398,-0.11991885,-0.017928561,-0.06393024,-0.00032692222,-0.0036649825,0.00031163072,0.0014188256,0.04400393,0.0
0.034657806,-0.03228288,0.036221616,-0.16560605,0.0,-5.9377868e-05,0.4226874,0.2879208,0.006108026,0.0033449722,0.003733635,-0.0009584306,-0.00801425,-0.03861089,-0.0022421444,-0.00061346457,0.009206473,-0.03416653,-0.02195292,0.01451329,-0.13023643,0.0031159755,-0.034449104,-0.17289,-0.005295871,0.014456707,0.023428762,-0.13250315,-0.15371293,-0.06393024,-0.00058867456,-0.0046640127,0.00031163072,0.0006747401,0.04400393,0.0
-0.2931112,-0.021059247,-0.085792705,0.04196516,0.0,0.0035598548,0.43706375,0.36522564,0.0018145824,0.0033449722,0.003733635,-0.068532854,-0.00801425,0.05483093,-0.0022421444,-0.00035340956,0.008701609,-0.038579658,-0.0007299223,0.01451329,-0.11599959,-0.0073364815,-0.032823406,0.020818502,-0.005295871,0.012220653,0.02308773,-0.108099446,0.04984818,-0.06393024,-0.00032692222,-0.0036649825,0.00031163072,0.0038144307,0.04400393,0.0
0.030470952,-0.011657565,0.034103535,-0.6020935,0.0,0.0035138782,0.44100994,0.28941715,-0.0075728297,0.0033449722,0.003733635,-0.025582502,-0.00801425,0.11544331,-0.0022421444,-0.00035340956,0.007280058,-0.034182522,-0.0039288346,0.01451329,-0.11961475,-0.0047009233,-0.033827372,-0.0452724,-0.005295871,0.013497307,0.021920398,-0.11821808,-0.018410923,-0.06393024,-0.00032692222,-0.0036165833,0.00031163072,0.0014188256,0.04400393,0.0
0.034657806,-0.032062545,0.036221616,-0.16565368,0.0,-5.9377868e-05,0.42055047,0.2876928,0.0047273682,0.0033449722,0.003733635,-0.0009061524,-0.00801425,-0.03861089,-0.0022421444,-0.0017012903,0.0059158443,-0.03397782,-0.033471584,0.01197247,-0.13029641,0.0030278394,-0.034449104,-0.16974884,-0.005295871,0.014456707,0.023257578,-0.13260327,-0.15467675,-0.061343182,-0.00058867456,-0.0046640127,0.00031163072,0.0006747401,0.043871325,0.0
0.029884,-0.008146611,0.034144092,-0.5996331,0.0,0.0046986197,0.49253872,0.28343573,-0.0072756438,0.0033449722,0.003733635,-0.025880164,-0.00801425,0.11547454,-0.0022421444,-0.00035340956,0.010140224,-0.0346995,-0.0039288346,0.01451329,-0.11961475,-0.0062651495,-0.033827372,-0.039132286,-0.005295871,0.013385001,0.019580081,-0.11893447,-0.017911525,-0.06393024,-0.00032692222,-0.003711945,0.00031163072,0.0014188256,0.04400393,0.0
0.031003624,-0.0113997,0.034103535,-0.21260765,0.0,0.0021064933,0.4433666,0.28656852,-0.01978631,0.0033449722,0.003733635,-0.025514634,-0.00801425,0.03338152,-0.0022421444,-0.00035340956,0.0068234494,-0.034732215,0.0031748007,0.01451329,-0.12573452,-0.0068041664,-0.033827372,-0.044920314,-0.005295871,0.013724473,0.02205584,-0.11957242,-0.008422751,-0.06393024,-0.00058867456,-0.0036165833,0.00031163072,0.0006747401,0.04400393,0.0
0.030470952,-0.00859817,0.034103535,-0.58913064,0.0,0.0035138782,0.47223106,0.28805926,-0.0019480225,0.0033449722,0.003733635,-0.026046494,-0.00801425,0.047951534,-0.0022421444,-0.00035340956,0.009799272,-0.034182522,-0.0016314744,0.01451329,-0.11961475,-0.007358379,-0.033827372,0.0015755361,-0.005295871,0.013497307,0.019580081,-0.11611724,0.041629285,-0.06393024,-0.00032692222,-0.003711945,0.00031163072,0.0014188256,0.04400393,0.0
0.031003624,-0.030258683,0.036103893,-0.20954254,0.0,0.0023242347,0.42541197,0.2864444,-0.01952133,0.0033449722,0.003733635,-0.0008879546,-0.00801425,-0.02607168,-0.0022421444,-0.00035340956,0.007822057,-0.034344554,0.002795878,0.014549056,-0.12637739,0.0011348033,-0.034449104,-0.019232132,-0.005295871,0.013713328,0.02301481,-0.13163972,-0.008608392,-0.06393024,-0.00058867456,-0.003216042,0.00031163072,0.0006747401,0.043871325,0.0
0.030470952,-0.011713118,0.034103535,-0.6020935,0.0,0.0034510465,0.44089687,0.28935063,-0.0075728297,0.0033449722,0.003733635,-0.025582502,-0.00801425,0.11544331,-0.0022421444,-0.00035340956,0.007280058,-0.034732215,-0.0039288346,0.01451329,-0.11961475,-0.0047389762,-0.033827372,-0.040412936,-0.005295871,0.013497307,0.021920398,-0.11991885,-0.017928561,-0.06393024,-0.00032692222,-0.0036649825,0.00031163072,0.0014188256,0.04400393,0.0
-0.2931112,0.054556392,-0.085792705,0.040586296,0.0,0.0035598548,0.41092083,0.36492622,-0.00023244263,0.0033449722,0.003733635,-0.08088738,-0.00801425,0.12798882,-0.0022421444,-0.00035340956,0.009472733,-0.03875769,-0.0030250861,0.014549056,-0.11599959,-0.0055714017,-0.032823406,-0.046275232,-0.005295871,0.012220653,0.021531021,-0.10819957,-0.016789278,-0.06393024,-0.00032692222,-0.0036649825,0.00031163072,0.0038144307,0.043871325,0.0
0.030470952,-0.011657565,0.034103535,-0.6020935,0.0,0.0035138782,0.44100994,0.28941715,-0.0075728297,0.0033449722,0.003733635,-0.025582502,-0.00801425,0.11544331,-0.0022421444,-0.00035340956,0.007280058,-0.034182522,-0.0039288346,0.01451329,-0.11961475,-0.0047009233,-0.033827372,-0.0452724,-0.005295871,0.013497307,0.021920398,-0.11821808,-0.018410923,-0.06393024,-0.00032692222,-0.0036165833,0.00031163072,0.0014188256,0.04400393,0.0
0.034657806,-0.031446725,0.036221616,-0.16336206,0.0,-5.9377868e-05,0.42024398,0.2879922,0.008809674,0.0033449722,0.003733635,-0.00094023277,-0.00801425,-0.015559251,-0.0022421444,-0.0017012903,0.005976359,-0.033799797,-0.034174774,0.011936704,-0.13029641,0.00071612466,-0.034449104,-0.19136295,-0.005295871,0.014456707,0.023257578,-0.13250315,-0.13438329,-0.061343182,-0.00058867456,-0.0046640127,0.00031163072,0.0006747401,0.04400393,0.0
0.030470952,-0.011657565,0.04800226,-0.5967442,0.0,0.0035138782,0.44125658,0.34285218,0.0023913074,0.0033449722,0.003733635,-0.025582502,-0.00801425,0.11425175,-0.0022421444,-0.00035340956,0.007280058,-0.0354011,-0.0024633284,0.01451329,-0.11961475,-0.0046809474,-0.03155468,-0.012910004,-0.005295871,0.013497307,0.021890312,-0.09874869,-0.017965218,-0.06393024,-0.00032692222,-0.0036165833,0.00031163072,0.0014188256,0.04400393,0.0
0.031003624,-0.030258683,0.050002623,-0.2083714,0.0,0.0023242347,0.42451453,0.3402454,-0.00953565,0.0033449722,0.003733635,-0.00094023277,-0.00801425,-0.02648417,-0.0022421444,-0.00035340956,0.007822057,-0.03483542,0.0046403073,0.01451329,-0.12637739,0.0011908105,-0.032176413,0.0072050327,-0.005295871,0.013713328,0.022984724,-0.109940454,-0.008665205,-0.06393024,-0.00058867456,-0.003216042,0.00031163072,0.0006747401,0.04400393,0.0
0.030470952,-0.008759855,0.04800226,-0.59650606,0.0,0.0035138782,0.37632364,0.34285218,0.005281506,0.0033449722,0.003733635,-0.022819554,-0.00801425,0.11424504,-0.0022421444,-0.00035340956,0.0069809724,-0.0354011,-0.0023531204,0.01451329,-0.11961475,0.0016791547,-0.03155468,-0.01210704,-0.005295871,0.013497307,0.021959782,-0.09874869,-0.017965218,-0.06393024,-0.00032692222,-0.0040384354,0.00031163072,0.0014188256,0.04400393,0.0
-0.2931644,0.054235943,-0.085792705,0.040586296,0.0,0.0036226865,0.4106311,0.3629388,-0.00023244263,0.0033449722,0.003733635,-0.080238305,-0.00801425,0.12798882,-0.0022421444,-0.00035340956,0.009472733,-0.038579658,-0.002915317,0.01451329,-0.11599959,-0.0054973187,-0.032823406,-0.04553298,-0.005295871,0.012220653,0.021531021,-0.107753016,-0.016809436,-0.06393024,-0.00032692222,-0.0036165833,0.00031163072,0.0038144307,0.04400393,0.0
-0.2931112,0.03847542,-0.085792705,0.04170926,0.0,0.0036226865,0.36306444,0.36522564,0.0026577576,0.0033449722,0.003733635,-0.07013675,-0.00801425,0.12797421,-0.0022421444,-0.00035340956,0.009177885,-0.038579658,-0.0028051091,0.01451329,-0.11599959,0.0008627855,-0.032823406,-0.04481068,-0.005295871,0.012220653,0.022720061,-0.108099446,-0.016809436,-0.06393024,-0.00032692222,-0.0040384354,0.00031163072,0.0038144307,0.04400393,0.0
0.031003624,-0.030258683,0.036103893,-0.20954254,0.0,0.0023242347,0.4242679,0.28674382,-0.01952133,0.0033449722,0.003733635,-0.00094023277,-0.00801425,-0.02607168,-0.0022421444,-0.00035340956,0.007822057,-0.03416653,0.0031748007,0.01451329,-0.12637739,0.0011708348,-0.034449104,-0.019232132,-0.005295871,0.013713328,0.02301481,-0.1315396,-0.008628548,-0.06393024,-0.00058867456,-0.003216042,0.00031163072,0.0006747401,0.04400393,0.0
0.030470952,-0.0113997,0.034103535,-0.59159577,0.0,0.0035138782,0.4417094,0.28935063,-0.0022825967,0.0033449722,0.003733635,-0.025564307,-0.00801425,0.045678705,-0.0022421444,-0.00035340956,0.0069391048,-0.034732215,-0.0016314744,0.01451329,-0.11961475,-0.006927889,-0.033827372,0.024345309,-0.005295871,0.013497307,0.021920398,-0.11991885,0.04251816,-0.06393024,-0.00032692222,-0.0036165833,0.00031163072,0.0014188256,0.04400393,0.0
0.030470952,-0.011657565,0.034103535,-0.6020935,0.0,0.0035138782,0.44100994,0.28941715,-0.0075728297,0.0033449722,0.003733635,-0.025582502,-0.00801425,0.11544331,-0.0022421444,-0.00035340956,0.007280058,-0.034182522,-0.0039288346,0.01451329,-0.11961475,-0.0047009233,-0.033827372,-0.0452724,-0.005295871,0.013497307,0.021920398,-0.11821808,-0.018410923,-0.06393024,-0.00032692222,-0.0036165833,0.00031163072,0.0014188256,0.04400393,0.0
0.029884,-0.011003695,0.034103535,-0.6020935,0.0,0.004635788,0.44144678,0.28309572,-0.0075728297,0.0033449722,0.003733635,-0.02623157,-0.00801425,0.11544331,-0.0022421444,-0.00035340956,0.007280058,-0.034877524,-0.0040386035,0.014549056,-0.11961475,-0.0054416656,-0.033827372,-0.039888788,-0.005295871,0.013385001,0.021920398,-0.11903459,-0.017908407,-0.06393024,-0.00032692222,-0.0036649825,0.00031163072,0.0014188256,0.043871325,0.0
-0.2931644,0.054556392,-0.085792705,0.040586296,0.0,0.0035598548,0.41051802,0.3629388,-0.00023244263,0.0033449722,0.003733635,-0.080238305,-0.00801425,0.12798882,-0.0022421444,-0.00035340956,0.009472733,-0.038579658,-0.002915317,0.01451329,-0.11599959,-0.0055353716,-0.032823406,-0.04569053,-0.005295871,0.012220653,0.021531021,-0.107753016,-0.016809436,-0.06393024,-0.00032692222,-0.0036649825,0.00031163072,0.0038144307,0.04400393,0.0
0.029884,-0.008816809,0.03115403,-0.6020935,0.0,0.0046986197,0.39019728,0.28339517,-0.007595891,0.0033449722,0.003733635,-0.028462986,-0.00801425,0.11542145,-0.0022421444,-0.00035340956,0.008429448,-0.0346995,-0.0039288346,0.01451329,-0.11961475,-0.008512494,-0.033827372,-0.039731238,-0.005295871,0.013385001,0.023980005,-0.11893447,-0.017928561,-0.06393024,-0.00032692222,-0.0036165833,0.00031163072,0.0014188256,0.04400393,0.0
0.030470952,-0.008501992,0.04800226,-0.5859801,0.0,0.0035138782,0.3770231,0.3429187,0.008451868,0.0033449722,0.003733635,-0.022801358,-0.00801425,0.044480447,-0.0022421444,-0.00035340956,0.0068159197,-0.03485141,-5.576019e-05,0.01451329,-0.11961475,-0.00055539707,-0.03155468,0.023945678,-0.005295871,0.013497307,0.021959782,-0.09704792,0.040911853,-0.06393024,-0.00032692222,-0.0040384354,0.00031163072,0.0014188256,0.04400393,0.0
-0.2931112,0.040221043,-0.111039326,0.038217828,0.0,0.0036226865,0.3702056,0.41099587,0.0069184345,0.0033449722,0.003733635,-0.07213325,-0.008727108,0.053655524,-0.0022421444,-0.00035340956,0.008928015,-0.038116917,-0.00036031153,0.01451329,-0.11599959,-0.0014021702,-0.031205803,0.021059614,-0.005295871,0.012220653,0.022407686,-0.091876626,0.051753085,-0.06393024,-0.00032692222,-0.0040384354,0.00031163072,0.0038144307,0.04400393,0.0
0.029884,-0.0074150963,0.034103535,-0.5892629,0.0,0.004635788,0.46901017,0.28316712,-0.0024044747,0.0033449722,0.003733635,-0.026511038,-0.00801425,0.047951534,-0.0022421444,-0.0014412353,0.0076339445,-0.03451079,-0.013323843,0.01197247,-0.11967473,-0.008264613,-0.033827372,0.028936502,-0.005295871,0.013385001,0.019542921,-0.11903459,0.042916145,-0.061343182,-0.00032692222,-0.003760344,0.00031163072,0.0014188256,0.043871325,0.0
0.030470952,-0.011657565,0.04800226,-0.5967442,0.0,0.0035138782,0.44125658,0.34285218,0.0023913074,0.0033449722,0.003733635,-0.025582502,-0.00801425,0.11425175,-0.0022421444,-0.00035340956,0.007280058,-0.0354011,-0.0024633284,0.01451329,-0.11961475,-0.0046809474,-0.03155468,-0.012910004,-0.005295871,0.013497307,0.021890312,-0.09874869,-0.017965218,-0.06393024,-0.00032692222,-0.0036165833,0.00031163072,0.0014188256,0.04400393,0.0
0.034657806,-0.029519701,0.036262177,-0.1629687,0.0,-5.9377868e-05,0.45442936,0.28773335,0.0091442475,0.0033449722,0.003733635,-0.0008087477,-0.00801425,-0.016055943,-0.0022421444,-0.0017012903,0.008984325,-0.03397782,-0.03388626,0.01197247,-0.13029641,0.00046759256,-0.034449104,-0.18593964,-0.005295871,0.014456707,0.020917263,-0.13260327,-0.13421057,-0.061343182,-0.00058867456,-0.004759374,0.00031163072,0.0006747401,0.043871325,0.0
0.034657806,-0.02960519,0.034221258,-0.16565368,0.0,-0.00051811524,0.43800142,0.2878169,0.0047273682,0.0033449722,0.003733635,-0.001048652,-0.00801425,-0.03861089,-0.0022421444,-0.0017012903,0.005921776,-0.034365483,-0.033760097,0.011936704,-0.12965353,-0.004887933,-0.033827372,-0.17157212,-0.005295871,0.0144799845,0.022436362,-0.12038297,-0.1547748,-0.061343182,-0.00058867456,-0.005064554,0.00031163072,0.0006747401,0.04400393,0.0
0.030470952,-0.011657565,0.034103535,-0.6020935,0.0,0.0035138782,0.44100994,0.28935063,-0.0075728297,0.0033449722,0.003733635,-0.025582502,-0.00801425,0.11544331,-0.0022421444,-0.00035340956,0.007280058,-0.034732215,-0.0039288346,0.01451329,-0.11961475,-0.0047009233,-0.033827372,-0.040255386,-0.005295871,0.013497307,0.021920398,-0.11991885,-0.017928561,-0.06393024,-0.00032692222,-0.0036165833,0.00031163072,0.0014188256,0.04400393,0.0
-0.2931112,0.03742684,-0.085792705,0.040140834,0.0,0.0036226865,0.36376396,0.36522564,0.005828118,0.0033449722,0.003733635,-0.070118554,-0.00801425,0.055175867,-0.0022421444,-0.00035340956,0.009012831,-0.038579658,-0.00061971426,0.01451329,-0.11599959,-0.0013717655,-0.032823406,0.023059579,-0.005295871,0.012220653,0.022720061,-0.108099446,0.04984818,-0.06393024,-0.00032692222,-0.0040384354,0.00031163072,0.0038144307,0.04400393,0.0
0.029884,-0.008202164,0.034144092,-0.21917424,0.0,0.004635788,0.47256944,0.28035423,-0.02498104,0.0033449722,0.003733635,-0.026529232,-0.00801425,0.07820231,-0.0022421444,-0.00035340956,0.010140224,-0.034877524,0.00090064626,0.014549056,-0.11961475,-0.0058721555,-0.033827372,-0.07120731,-0.005295871,0.013385001,0.019580081,-0.11903459,-0.037036486,-0.06393024,-0.00032692222,-0.003760344,0.00031163072,0.0006747401,0.043871325,0.0
0.029884,-0.010948141,0.034103535,-0.6020935,0.0,0.0046986197,0.44100994,0.28339517,-0.0075728297,0.0033449722,0.003733635,-0.025582502,-0.00801425,0.11544331,-0.0022421444,-0.00035340956,0.007280058,-0.0346995,-0.0039288346,0.01451329,-0.11961475,-0.0053675817,-0.033827372,-0.039731238,-0.005295871,0.013385001,0.021920398,-0.11893447,-0.017928561,-0.06393024,-0.00032692222,-0.0036165833,0.00031163072,0.0014188256,0.04400393,0.0
0.029884,-0.010948141,0.034103535,-0.6020935,0.0,0.0046986197,0.44100994,0.28339517,-0.0075728297,0.0033449722,0.003733635,-0.025582502,-0.00801425,0.11544331,-0.0022421444,-0.00035340956,0.007280058,-0.0346995,-0.0039288346,0.01451329,-0.11961475,-0.0053675817,-0.033827372,-0.039731238,-0.005295871,0.013385001,0.021920398,-0.11893447,-0.017928561,-0.06393024,-0.00032692222,-0.0036165833,0.00031163072,0.0014188256,0.04400393,0.0
0.03465325,-0.009841765,0.034221258,-0.16406894,0.0,-0.0006664861,0.480658,0.2878169,0.008933303,0.0033449722,0.003733635,-0.025812296,-0.00801425,0.026535127,-0.0022421444,-0.0017012903,0.008476488,-0.034365483,-0.034174774,0.011936704,-0.12965353,-0.0077615106,-0.033827372,-0.19518635,-0.005295871,0.0144799845,0.020155005,-0.1207294,-0.13412113,-0.061343182,-0.00058867456,-0.0052083144,0.00031163072,0.0006747401,0.04400393,0.0
0.031003624,-0.028417146,0.034103535,-0.21364164,0.0,0.0021064933,0.44202542,0.28656852,-0.022967324,0.0033449722,0.003733635,-0.001048652,-0.00801425,-0.071934275,-0.0022421444,-0.00035340956,0.0076923845,-0.034732215,0.0010711665,0.01451329,-0.12573452,-0.0045540016,-0.033827372,-0.050366063,-0.005295871,0.013724473,0.022193594,-0.11957242,-0.036867756,-0.06393024,-0.00058867456,-0.0036165833,0.00031163072,0.0006747401,0.04400393,0.0
-0.2931112,0.043030865,-0.08043404,0.03935219,0.0,0.0036226865,0.37339666,0.36522564,0.00503473,0.0033449722,0.003733635,-0.08310059,-0.00801425,0.055168618,-0.0022421444,-0.00035340956,0.010230441,-0.038579658,-0.0007299223,0.01451329,-0.11599959,-0.011223247,-0.032823406,0.021752577,-0.005295871,0.012220653,0.023129726,-0.108099446,0.04984818,-0.06393024,-0.00032692222,-0.0036165833,0.00031163072,0.0038144307,0.04400393,0.0
0.030475508,-0.011657565,0.04800226,-0.5967442,0.0,0.0035138782,0.44140363,0.34056535,0.0023913074,0.0033449722,0.003733635,-0.025582502,-0.00801425,0.11425175,-0.0022421444,-0.00035340956,0.007280058,-0.0354011,-0.0024633284,0.01451329,-0.11961475,-0.0046809474,-0.03155468,-0.012325305,-0.005295871,0.013497307,0.021890312,-0.09797329,-0.017965218,-0.06393024,-0.00032692222,-0.0036165833,0.00031163072,0.0014188256,0.04400393,0.0
-0.2931112,0.041536067,-0.085792705,0.041029334,0.0,0.0036226865,0.44980454,0.36529216,0.00010213218,0.0033449722,0.003733635,-0.08328736,-0.00801425,0.13026164,-0.0022421444,-0.00035340956,0.012163291,-0.03802997,-0.002915317,0.01451329,-0.11599959,-0.0060439734,-0.032823406,-0.047519688,-0.005295871,0.012220653,0.019655658,-0.10639867,-0.017291797,-0.06393024,-0.00032692222,-0.003711945,0.00031163072,0.0038144307,0.04400393,0.0
-0.2904286,0.038836706,-0.08043404,0.03935219,0.0,0.0039202473,0.37339666,0.35927024,0.00503473,0.0033449722,0.003733635,-0.08310059,-0.00801425,0.055168618,-0.0022421444,-0.00035340956,0.010230441,-0.038546942,-0.0007299223,0.01451329,-0.11599959,-0.011889907,-0.032823406,0.02227673,-0.005295871,0.012169179,0.023129726,-0.10711506,0.04984818,-0.06393024,-0.00032692222,-0.0036165833,0.00031163072,0.0038144307,0.04400393,0.0
0.030470952,-0.008759855,0.034103535,-0.6018554,0.0,0.0035138782,0.376077,0.28935063,-0.0046826317,0.0033449722,0.003733635,-0.022819554,-0.00801425,0.115436606,-0.0022421444,-0.00035340956,0.0069809724,-0.034732215,-0.0038186267,0.01451329,-0.11961475,0.0016591788,-0.033827372,-0.038948387,-0.005295871,0.013497307,0.021989867,-0.11991885,-0.017928561,-0.06393024,-0.00032692222,-0.0040384354,0.00031163072,0.0014188256,0.04400393,0.0
-0.2931112,0.046865065,-0.085792705,0.039967824,0.0,0.0036226865,0.4121081,0.36529216,0.0050577917,0.0033449722,0.003733635,-0.08022011,-0.00801425,0.055190474,-0.0022421444,-0.00035340956,0.009131781,-0.03802997,-0.0007299223,0.01451329,-0.11599959,-0.0077242865,-0.032823406,-0.00601915,-0.005295871,0.012220653,0.021531021,-0.10639867,0.04827853,-0.06393024,-0.00032692222,-0.0036165833,0.00031163072,0.0038144307,0.04400393,0.0
0.033502005,-0.011802505,0.036221616,-0.1671057,0.0,0.004714318,0.46686321,0.28196537,0.0044529666,0.0033449722,0.003733635,-0.025984632,-0.00801425,0.051330443,-0.0022421444,-0.00061346457,0.011654313,-0.034133814,-0.021135673,0.01451329,-0.12421646,0.0020478782,-0.034449104,-0.17418425,-0.005295871,0.014117234,0.02081525,-0.1318652,-0.15355597,-0.06393024,-0.00032692222,-0.004759374,0.00031163072,0.0006747401,0.04400393,0.0
-0.2931112,-0.021261558,-0.085792705,0.039777584,0.0,0.0036226865,0.4364773,0.36529216,-0.003475653,0.0033449722,0.003733635,-0.068551056,-0.00801425,0.1259684,-0.0022421444,-0.00035340956,0.009042563,-0.03802997,-0.002915317,0.01451329,-0.11599959,-0.005071462,-0.032823406,-0.05113468,-0.005295871,0.012220653,0.02308773,-0.10639867,-0.017291797,-0.06393024,-0.00032692222,-0.0036165833,0.00031163072,0.0038144307,0.04400393,0.0
0.030475508,-0.008759855,0.034103535,-0.21940112,0.0,0.0035138782,0.3986846,0.2852106,-0.022383466,0.0033449722,0.003733635,-0.024834255,-0.00801425,0.075339265,-0.0022421444,-0.00035340956,0.0069809724,-0.034732215,0.0013897768,0.01451329,-0.11961475,0.0010430276,-0.033827372,-0.07704908,-0.005295871,0.013497307,0.021989867,-0.11747158,-0.03676215,-0.06393024,-0.00032692222,-0.0040384354,0.00031163072,0.0006747401,0.04400393,0.0
0.030470952,-0.008759855,0.034103535,-0.6018554,0.0,0.0035138782,0.376077,0.28935063,-0.0046826317,0.0033449722,0.003733635,-0.022819554,-0.00801425,0.115436606,-0.0022421444,-0.00035340956,0.0069809724,-0.034732215,-0.0038186267,0.01451329,-0.11961475,0.0016591788,-0.033827372,-0.038948387,-0.005295871,0.013497307,0.021989867,-0.11991885,-0.017928561,-0.06393024,-0.00032692222,-0.0040384354,0.00031163072,0.0014188256,0.04400393,0.0
0.030470952,-0.008759855,0.04800226,-0.59650606,0.0,0.0035138782,0.37632364,0.3429187,0.005281506,0.0033449722,0.003733635,-0.022819554,-0.00801425,0.11424504,-0.0022421444,-0.00035340956,0.0069809724,-0.03485141,-0.0023531204,0.01451329,-0.11961475,0.0016791547,-0.03155468,-0.017124051,-0.005295871,0.013497307,0.021959782,-0.09704792,-0.01844758,-0.06393024,-0.00032692222,-0.0040384354,0.00031163072,0.0014188256,0.04400393,0.0
-0.2931112,0.054235943,-0.085792705,0.03441967,0.0,0.0036226865,0.410484,0.36529216,-0.00023244263,0.0033449722,0.003733635,-0.080238305,-0.00801425,0.1259684,-0.0022421444,-0.00035340956,0.009472733,-0.03802997,-0.002915317,0.01451329,-0.11599959,-0.0054973187,-0.032823406,-0.05113468,-0.005295871,0.012220653,0.021531021,-0.10639867,-0.017291797,-0.06393024,-0.00032692222,-0.0036165833,0.00031163072,0.0038144307,0.04400393,0.0
0.030470952,-0.011657565,0.04800226,-0.5967442,0.0,0.0035138782,0.44125658,0.34285218,0.0023913074,0.0033449722,0.003733635,-0.025582502,-0.00801425,0.11425175,-0.0022421444,-0.00035340956,0.007280058,-0.0354011,-0.0024633284,0.01451329,-0.11961475,-0.0046809474,-0.03155468,-0.012910004,-0.005295871,0.013497307,0.021890312,-0.09874869,-0.017965218,-0.06393024,-0.00032692222,-0.0036165833,0.00031163072,0.0014188256,0.04400393,0.0
0.030999068,-0.008856034,0.034144092,-0.5996331,0.0,0.0021064933,0.4941009,0.28809983,-0.006288588,0.0033449722,0.003733635,-0.026015019,-0.00801425,0.11547454,-0.0022421444,-0.00035340956,0.010087298,-0.034182522,-0.0041372376,0.01451329,-0.12573452,-0.0053759506,-0.033827372,-0.04542384,-0.005295871,0.013724473,0.019715525,-0.11611724,-0.01788705,-0.06393024,-0.00058867456,-0.003711945,0.00031163072,0.0014188256,0.04400393,0.0
-0.2931112,-0.021261558,-0.111039326,0.039357778,0.0,0.0036226865,0.45297417,0.413336,0.006360712,0.0033449722,0.003733635,-0.068551056,-0.00801425,0.12454146,-0.0022421444,-0.00035340956,0.009042563,-0.038666606,-0.0014498107,0.01451329,-0.11599959,-0.0054778457,-0.031230692,-0.02199501,-0.005295871,0.012220653,0.023057645,-0.09608249,-0.016829057,-0.06393024,-0.00032692222,-0.0036165833,0.00031163072,0.0038144307,0.04400393,0.0
0.030470952,-0.0113997,0.04800226,-0.5862465,0.0,0.0035138782,0.44195604,0.34285218,0.0076815416,0.0033449722,0.003733635,-0.025564307,-0.00801425,0.04448715,-0.0022421444,-0.00035340956,0.0069391048,-0.0354011,-0.00016596801,0.01451329,-0.11961475,-0.006907913,-0.03155468,0.050914466,-0.005295871,0.013497307,0.021890312,-0.09874869,0.042481504,-0.06393024,-0.00032692222,-0.0036165833,0.00031163072,0.0014188256,0.04400393,0.0
0.031003624,-0.02972948,0.036103893,-0.2096748,0.0,0.0023242347,0.42098686,0.28452837,-0.022718167,0.0033449722,0.003733635,-0.00094023277,-0.00801425,-0.02607168,-0.0022421444,-0.0014412353,0.0051960996,-0.033799797,-0.022031238,0.011936704,-0.12643737,0.0010053469,-0.034449104,-0.014822241,-0.005295871,0.013713328,0.022977648,-0.1315396,-0.008573719,-0.061343182,-0.00058867456,-0.003216042,0.00031163072,0.0006747401,0.04400393,0.0
0.030470952,-0.011657565,0.04800226,-0.5967442,0.0,0.0035138782,0.44125658,0.34285218,0.0023913074,0.0033449722,0.003733635,-0.025582502,-0.00801425,0.11425175,-0.0022421444,-0.00035340956,0.007280058,-0.0354011,-0.0024633284,0.01451329,-0.11961475,-0.0046809474,-0.03155468,-0.012910004,-0.005295871,0.013497307,0.021890312,-0.09874869,-0.017965218,-0.06393024,-0.00032692222,-0.0036165833,0.00031163072,0.0014188256,0.04400393,0.0
0.030470952,-0.008501992,0.04800226,-0.5859801,0.0,0.0035138782,0.3770231,0.3429187,0.008451868,0.0033449722,0.003733635,-0.022801358,-0.00801425,0.044480447,-0.0022421444,-0.00035340956,0.0068159197,-0.03485141,-5.576019e-05,0.01451329,-0.11961475,-0.00055539707,-0.03155468,0.023945678,-0.005295871,0.013497307,0.021959782,-0.09704792,0.040911853,-0.06393024,-0.00032692222,-0.0040384354,0.00031163072,0.0014188256,0.04400393,0.0
0.030470952,-0.011713118,0.034103535,-0.6020935,0.0,0.0034510465,0.44089687,0.28935063,-0.0075728297,0.0033449722,0.003733635,-0.025582502,-0.00801425,0.11544331,-0.0022421444,-0.00035340956,0.007280058,-0.034732215,-0.0039288346,0.01451329,-0.11961475,-0.0047389762,-0.033827372,-0.040412936,-0.005295871,0.013497307,0.021920398,-0.11991885,-0.017928561,-0.06393024,-0.00032692222,-0.0036649825,0.00031163072,0.0014188256,0.04400393,0.0
0.031003624,-0.028159281,0.034103535,-0.20954254,0.0,0.0021064933,0.44272482,0.28656852,-0.01952133,0.0033449722,0.003733635,-0.0010304542,-0.00801425,-0.02607168,-0.0022421444,-0.00035340956,0.007288702,-0.034732215,0.0031748007,0.01451329,-0.12573452,-0.006780969,-0.033827372,-0.019473985,-0.005295871,0.013724473,0.022193594,-0.11957242,-0.008610238,-0.06393024,-0.00058867456,-0.0036165833,0.00031163072,0.0006747401,0.04400393,0.0
0.030475508,-0.025960917,0.034103535,-0.21321854,0.0,0.0035138782,0.47965294,0.28663993,-0.026797403,0.0033449722,0.003733635,-0.0010191195,-0.00801425,-0.07243097,-0.0022421444,-0.0014412353,0.008292953,-0.034365483,-0.021259239,0.011936704,-0.11967473,-0.0051903855,-0.033827372,-0.04131334,-0.005295871,0.013497307,0.019680675,-0.11957242,-0.03711407,-0.061343182,-0.00032692222,-0.003711945,0.00031163072,0.0006747401,0.04400393,0.0
-0.2931112,-0.018363852,-0.111039326,0.039330292,0.0,0.0036226865,0.371791,0.41340253,0.0092883,0.0033449722,0.003733635,-0.065788105,-0.00801425,0.12476224,-0.0022421444,-0.00035340956,0.008743476,-0.038116917,-0.0013396029,0.01451329,-0.11599959,0.001308616,-0.031230692,-0.02298634,-0.005295871,0.012220653,0.023127114,-0.09438172,-0.017328454,-0.06393024,-0.00032692222,-0.0040384354,0.00031163072,0.0038144307,0.04400393,0.0
-0.2931112,0.054235943,-0.111039326,0.040200785,0.0,0.0036226865,0.41073063,0.413336,0.009641308,0.0033449722,0.003733635,-0.080238305,-0.00801425,0.12679724,-0.0022421444,-0.00035340956,0.009472733,-0.038666606,-0.0014498107,0.01451329,-0.11599959,-0.0054773428,-0.031230692,-0.018772295,-0.005295871,0.012220653,0.021500936,-0.09608249,-0.016846092,-0.06393024,-0.00032692222,-0.0036165833,0.00031163072,0.0038144307,0.04400393,0.0
0.030470952,-0.011657565,0.034103535,-0.6020935,0.0,0.0035138782,0.44100994,0.28941715,-0.0075728297,0.0033449722,0.003733635,-0.025582502,-0.00801425,0.11544331,-0.0022421444,-0.00035340956,0.007280058,-0.034182522,-0.0039288346,0.01451329,-0.11961475,-0.0047009233,-0.033827372,-0.0452724,-0.005295871,0.013497307,0.021920398,-0.11821808,-0.018410923,-0.06393024,-0.00032692222,-0.0036165833,0.00031163072,0.0014188256,0.04400393,0.0
0.030470952,-0.009526231,0.03115403,-0.6020935,0.0,0.0035138782,0.39019728,0.28935063,-0.007595891,0.0033449722,0.003733635,-0.028462986,-0.00801425,0.11542145,-0.0022421444,-0.00035340956,0.008429448,-0.034732215,-0.0039288346,0.01451329,-0.11961475,-0.007845835,-0.033827372,-0.040255386,-0.005295871,0.013497307,0.023980005,-0.11991885,-0.017928561,-0.06393024,-0.00032692222,-0.0036165833,0.00031163072,0.0014188256,0.04400393,0.0
-0.2931112,-0.021261558,-0.085792705,0.039777584,0.0,0.0036226865,0.4364773,0.36529216,-0.003475653,0.0033449722,0.003733635,-0.068551056,-0.00801425,0.1259684,-0.0022421444,-0.00035340956,0.009042563,-0.03802997,-0.002915317,0.01451329,-0.11599959,-0.005071462,-0.032823406,-0.05113468,-0.005295871,0.012220653,0.02308773,-0.10639867,-0.017291797,-0.06393024,-0.00032692222,-0.0036165833,0.00031163072,0.0038144307,0.04400393,0.0
0.030470952,-0.0113997,0.04800226,-0.5862465,0.0,0.0035138782,0.44195604,0.34285218,0.0076815416,0.0033449722,0.003733635,-0.025564307,-0.00801425,0.04448715,-0.0022421444,-0.00035340956,0.0069391048,-0.0354011,-0.00016596801,0.01451329,-0.11961475,-0.006907913,-0.03155468,0.050914466,-0.005295871,0.013497307,0.021890312,-0.09874869,0.042481504,-0.06393024,-0.00032692222,-0.0036165833,0.00031163072,0.0014188256,0.04400393,0.0
0.029884,-0.010745831,0.034103535,-0.5716465,0.0,0.004635788,0.4441024,0.28204694,-0.005426263,0.0033449722,0.003733635,-0.026213376,-0.008727108,0.045656085,-0.0022421444,-0.00035340956,0.0066863773,-0.034877524,-0.0018682906,0.014549056,-0.11961475,-0.008387559,-0.03380248,0.024996873,-0.005295871,0.013385001,0.021638108,-0.118630335,0.043345764,-0.06393024,-0.00032692222,-0.0036649825,0.00031163072,0.0014188256,0.043871325,0.0
-0.2931112,0.047913644,-0.085792705,0.04120193,0.0,0.0036226865,0.4119585,0.36492622,-0.00023244263,0.0033449722,0.003733635,-0.08088738,-0.00801425,0.12798882,-0.0022421444,-0.00035340956,0.009472733,-0.03875769,-0.0030250861,0.014549056,-0.11599959,-0.005533349,-0.032823406,-0.046117682,-0.005295871,0.012220653,0.021531021,-0.10819957,-0.016789278,-0.06393024,-0.00032692222,-0.0036165833,0.00031163072,0.0038144307,0.043871325,0.0
0.030470952,-0.008759855,0.034103535,-0.6018554,0.0,0.0035138782,0.376077,0.28935063,-0.0046826317,0.0033449722,0.003733635,-0.022819554,-0.00801425,0.115436606,-0.0022421444,-0.00035340956,0.0069809724,-0.034732215,-0.0038186267,0.01451329,-0.11961475,0.0016591788,-0.033827372,-0.038948387,-0.005295871,0.013497307,0.021989867,-0.11991885,-0.017928561,-0.06393024,-0.00032692222,-0.0040384354,0.00031163072,0.0014188256,0.04400393,0.0
0.030470952,-0.008759855,0.034103535,-0.6018554,0.0,0.0035138782,0.376077,0.28935063,-0.0046826317,0.0033449722,0.003733635,-0.022819554,-0.00801425,0.115436606,-0.0022421444,-0.00035340956,0.0069809724,-0.034732215,-0.0038186267,0.01451329,-0.11961475,0.0016591788,-0.033827372,-0.038948387,-0.005295871,0.013497307,0.021989867,-0.11991885,-0.017928561,-0.06393024,-0.00032692222,-0.0040384354,0.00031163072,0.0014188256,0.04400393,0.0
-0.2931112,0.03847542,-0.111039326,0.041323747,0.0,0.0036226865,0.36331108,0.413336,0.012531508,0.0033449722,0.003733635,-0.07013675,-0.00801425,0.12678264,-0.0022421444,-0.00035340956,0.009177885,-0.038666606,-0.0013396029,0.01451329,-0.11599959,0.00088276144,-0.031230692,-0.01796933,-0.005295871,0.012220653,0.022689976,-0.09608249,-0.016846092,-0.06393024,-0.00032692222,-0.0040384354,0.00031163072,0.0038144307,0.04400393,0.0
-0.2904286,0.048993204,-0.085792705,0.03935219,0.0,0.0039202473,0.41118345,0.35927024,0.0050577917,0.0033449722,0.003733635,-0.08022011,-0.00801425,0.055190474,-0.0022421444,-0.00035340956,0.009131781,-0.038546942,-0.0007299223,0.01451329,-0.11599959,-0.008390946,-0.032823406,0.02227673,-0.005295871,0.012169179,0.021531021,-0.10711506,0.04984818,-0.06393024,-0.00032692222,-0.0036165833,0.00031163072,0.0038144307,0.04400393,0.0
0.030470952,-0.011657565,0.04800226,-0.5967442,0.0,0.0035138782,0.44125658,0.34285218,0.0023913074,0.0033449722,0.003733635,-0.025582502,-0.00801425,0.11425175,-0.0022421444,-0.00035340956,0.007280058,-0.0354011,-0.0024633284,0.01451329,-0.11961475,-0.0046809474,-0.03155468,-0.012910004,-0.005295871,0.013497307,0.021890312,-0.09874869,-0.017965218,-0.06393024,-0.00032692222,-0.0036165833,0.00031163072,0.0014188256,0.04400393,0.0
0.030470952,-0.008759855,0.034103535,-0.60174805,0.0,0.0035138782,0.39370224,0.28935063,-0.004720021,0.0033449722,0.003733635,-0.022819554,-0.00801425,0.114849515,-0.0022421444,-0.00035340956,0.0069809724,-0.034732215,-0.0038186267,0.01451329,-0.11961475,0.0010430276,-0.033827372,-0.042312786,-0.005295871,0.013497307,0.021989867,-0.11991885,-0.017911525,-0.06393024,-0.00032692222,-0.0040384354,0.00031163072,0.0014188256,0.04400393,0.0
-0.2931112,-0.017983133,-0.085792705,0.041792568,0.0,0.0035598548,0.4785047,0.36522564,0.002149157,0.0033449722,0.003733635,-0.07158191,-0.00801425,0.05710376,-0.0022421444,-0.00035340956,0.011561777,-0.038579658,-0.0007299223,0.01451329,-0.11599959,-0.007809914,-0.032823406,0.02506911,-0.005295871,0.012220653,0.02121237,-0.108099446,0.04984818,-0.06393024,-0.00032692222,-0.003760344,0.00031163072,0.0038144307,0.04400393,0.0
0.030470952,-0.011657565,0.034103535,-0.6020935,0.0,0.0035138782,0.44155985,0.2890512,-0.0075728297,0.0033449722,0.003733635,-0.02623157,-0.00801425,0.11544331,-0.0022421444,-0.00035340956,0.007280058,-0.03491024,-0.0040386035,0.014549056,-0.11961475,-0.0047369543,-0.033827372,-0.040255386,-0.005295871,0.013497307,0.021920398,-0.120018974,-0.017908407,-0.06393024,-0.00032692222,-0.0036165833,0.00031163072,0.0014188256,0.043871325,0.0
-0.2931112,0.054556392,-0.085792705,0.040586296,0.0,0.0035598548,0.41092083,0.36492622,-0.00023244263,0.0033449722,0.003733635,-0.08088738,-0.00801425,0.12798882,-0.0022421444,-0.00035340956,0.009472733,-0.03875769,-0.0030250861,0.014549056,-0.11599959,-0.0055714017,-0.032823406,-0.046275232,-0.005295871,0.012220653,0.021531021,-0.10819957,-0.016789278,-0.06393024,-0.00032692222,-0.0036649825,0.00031163072,0.0038144307,0.043871325,0.0
0.030470952,-0.011713118,0.034103535,-0.6020935,0.0,0.0034510465,0.44089687,0.28935063,-0.0075728297,0.0033449722,0.003733635,-0.025582502,-0.00801425,0.11544331,-0.0022421444,-0.00035340956,0.007280058,-0.034732215,-0.0039288346,0.01451329,-0.11961475,-0.0047389762,-0.033827372,-0.040412936,-0.005295871,0.013497307,0.021920398,-0.11991885,-0.017928561,-0.06393024,-0.00032692222,-0.0036649825,0.00031163072,0.0014188256,0.04400393,0.0
-0.31233615,0.044383153,-0.08065197,0.026819482,0.0,0.0018222342,0.37265375,0.3664026,0.027574446,0.0033449722,0.003733635,-0.08310059,-0.00801425,0.037361182,-0.0022421444,-0.00061346457,0.011158281,-0.038579658,-0.018592088,0.01451329,-0.11719604,-0.011512468,-0.032823406,-0.10551232,-0.005295871,0.0127184205,0.02354368,-0.108909994,-0.08500284,-0.06393024,-0.00032692222,-0.005064554,0.00031163072,0.0038144307,0.04400393,0.0
0.034657806,-0.031446725,0.036221616,-0.16336206,0.0,-5.9377868e-05,0.42024398,0.2879922,0.008809674,0.0033449722,0.003733635,-0.00094023277,-0.00801425,-0.015559251,-0.0022421444,-0.0017012903,0.005976359,-0.033799797,-0.034174774,0.011936704,-0.13029641,0.00071612466,-0.034449104,-0.19136295,-0.005295871,0.014456707,0.023257578,-0.13250315,-0.13438329,-0.061343182,-0.00058867456,-0.0046640127,0.00031163072,0.0006747401,0.04400393,0.0
0.030470952,-0.011657565,0.034103535,-0.6020935,0.0,0.0035138782,0.44100994,0.28941715,-0.0075728297,0.0033449722,0.003733635,-0.025582502,-0.00801425,0.11544331,-0.0022421444,-0.00035340956,0.007280058,-0.034182522,-0.0039288346,0.01451329,-0.11961475,-0.0047009233,-0.033827372,-0.0452724,-0.005295871,0.013497307,0.021920398,-0.11821808,-0.018410923,-0.06393024,-0.00032692222,-0.0036165833,0.00031163072,0.0014188256,0.04400393,0.0
-0.2931112,0.032822195,-0.10741884,0.037679445,0.0,0.0036226865,0.33625302,0.413336,0.015678808,0.0033449722,0.003733635,-0.07299904,-0.00801425,0.05360291,-0.0022421444,-0.00035340956,0.009978302,-0.038666606,0.00084579183,0.01451329,-0.11599959,-0.0026694578,-0.031230692,0.04912468,-0.005295871,0.012220653,0.024302823,-0.09608249,0.049811523,-0.06393024,-0.00032692222,-0.0040384354,0.00031163072,0.0038144307,0.04400393,0.0
0.030470952,-0.008501992,0.04800226,-0.5859801,0.0,0.0035138782,0.3770231,0.3429187,0.008451868,0.0033449722,0.003733635,-0.022801358,-0.00801425,0.044480447,-0.0022421444,-0.00035340956,0.0068159197,-0.03485141,-5.576019e-05,0.01451329,-0.11961475,-0.00055539707,-0.03155468,0.023945678,-0.005295871,0.013497307,0.021959782,-0.09704792,0.040911853,-0.06393024,-0.00032692222,-0.0040384354,0.00031163072,0.0014188256,0.04400393,0.0
-0.2904286,0.042670906,-0.085792705,0.039795224,0.0,0.0039202473,0.41912082,0.3589708,0.005392366,0.0033449722,0.003733635,-0.08086918,-0.00801425,0.057463303,-0.0022421444,-0.00035340956,0.009131781,-0.038724974,-0.0008396915,0.014549056,-0.11599959,-0.008361079,-0.032823406,0.026527345,-0.005295871,0.012169179,0.021531021,-0.10721518,0.049868334,-0.06393024,-0.00032692222,-0.0036165833,0.00031163072,0.0038144307,0.043871325,0.0
0.030470952,-0.011657565,0.034103535,-0.6020935,0.0,0.0035138782,0.44100994,0.28941715,-0.0075728297,0.0033449722,0.003733635,-0.025582502,-0.00801425,0.11544331,-0.0022421444,-0.00035340956,0.007280058,-0.034182522,-0.0039288346,0.01451329,-0.11961475,-0.0047009233,-0.033827372,-0.0452724,-0.005295871,0.013497307,0.021920398,-0.11821808,-0.018410923,-0.06393024,-0.00032692222,-0.0036165833,0.00031163072,0.0014188256,0.04400393,0.0
-0.2931112,0.04126962,-0.085792705,0.041093625,0.0,0.0036226865,0.3628151,0.36522564,0.0026577576,0.0033449722,0.003733635,-0.07013675,-0.00801425,0.12797421,-0.0022421444,-0.00035340956,0.009177885,-0.038579658,-0.0028051091,0.01451329,-0.11599959,0.0008627855,-0.032823406,-0.04481068,-0.005295871,0.012220653,0.022720061,-0.108099446,-0.016809436,-0.06393024,-0.00032692222,-0.0040384354,0.00031163072,0.0038144307,0.04400393,0.0
0.029884,-0.007944301,0.034103535,-0.2121734,0.0,0.004635788,0.4726644,0.28031367,-0.019341981,0.0033449722,0.003733635,-0.026511038,-0.00801425,0.03565435,-0.0022421444,-0.00035340956,0.009799272,-0.034877524,0.0030042806,0.014549056,-0.11961475,-0.008099125,-0.033827372,-0.041535173,-0.005295871,0.013385001,0.019580081,-0.11903459,-0.009046018,-0.06393024,-0.00032692222,-0.003760344,0.00031163072,0.0006747401,0.043871325,0.0
-0.2931112,0.04126962,-0.085792705,0.041093625,0.0,0.0036226865,0.3628151,0.36522564,0.0026577576,0.0033449722,0.003733635,-0.07013675,-0.00801425,0.12797421,-0.0022421444,-0.00035340956,0.009177885,-0.038579658,-0.0028051091,0.01451329,-0.11599959,0.0008627855,-0.032823406,-0.04481068,-0.005295871,0.012220653,0.022720061,-0.108099446,-0.016809436,-0.06393024,-0.00032692222,-0.0040384354,0.00031163072,0.0038144307,0.04400393,0.0
-0.2931112,0.054235943,-0.085792705,0.040586296,0.0,0.0036226865,0.410484,0.36522564,-0.00023244263,0.0033449722,0.003733635,-0.080238305,-0.00801425,0.12798882,-0.0022421444,-0.00035340956,0.009472733,-0.038579658,-0.002915317,0.01451329,-0.11599959,-0.0054973187,-0.032823406,-0.046117682,-0.005295871,0.012220653,0.021531021,-0.108099446,-0.016809436,-0.06393024,-0.00032692222,-0.0036165833,0.00031163072,0.0038144307,0.04400393,0.0
-0.2931112,0.04126962,-0.111039326,0.040708113,0.0,0.0036226865,0.36306176,0.41340253,0.012531508,0.0033449722,0.003733635,-0.07013675,-0.00801425,0.12678264,-0.0022421444,-0.00035340956,0.009177885,-0.038116917,-0.0013396029,0.01451329,-0.11599959,0.00088276144,-0.031230692,-0.02298634,-0.005295871,0.012220653,0.022689976,-0.09438172,-0.017328454,-0.06393024,-0.00032692222,-0.0040384354,0.00031163072,0.0038144307,0.04400393,0.0
0.034657806,-0.03228288,0.036221616,-0.16560605,0.0,-5.9377868e-05,0.42306417,0.2865629,0.006108026,0.0033449722,0.003733635,-0.0011429572,-0.00801425,-0.03861089,-0.0022421444,-0.00061346457,0.009206473,-0.03416653,-0.02195292,0.01451329,-0.13023643,0.0031159755,-0.034449104,-0.17261253,-0.005295871,0.014456707,0.023428762,-0.13040233,-0.15343547,-0.06393024,-0.00058867456,-0.0046640127,0.00031163072,0.0006747401,0.04400393,0.0
0.030470952,-0.011657565,0.04800226,-0.5967442,0.0,0.0035138782,0.44125658,0.34285218,0.0023913074,0.0033449722,0.003733635,-0.025582502,-0.00801425,0.11425175,-0.0022421444,-0.00035340956,0.007280058,-0.0354011,-0.0024633284,0.01451329,-0.11961475,-0.0046809474,-0.03155468,-0.012910004,-0.005295871,0.013497307,0.021890312,-0.09874869,-0.017965218,-0.06393024,-0.00032692222,-0.0036165833,0.00031163072,0.0014188256,0.04400393,0.0
-0.2904286,0.039885286,-0.08043404,0.040586296,0.0,0.0039202473,0.3726972,0.35927024,-0.00025550497,0.0033449722,0.003733635,-0.08311879,-0.00801425,0.12796696,-0.0022421444,-0.00035340956,0.010287928,-0.038546942,-0.002915317,0.01451329,-0.11599959,-0.009662937,-0.032823406,-0.045593526,-0.005295871,0.012169179,0.023129726,-0.10711506,-0.016809436,-0.06393024,-0.00032692222,-0.0036165833,0.00031163072,0.0038144307,0.04400393,0.0
0.030470952,-0.011657565,0.034103535,-0.6020935,0.0,0.0035138782,0.44100994,0.28941715,-0.0075728297,0.0033449722,0.003733635,-0.025582502,-0.00801425,0.11544331,-0.0022421444,-0.00035340956,0.007280058,-0.034182522,-0.0039288346,0.01451329,-0.11961475,-0.0047009233,-0.033827372,-0.0452724,-0.005295871,0.013497307,0.021920398,-0.11821808,-0.018410923,-0.06393024,-0.00032692222,-0.0036165833,0.00031163072,0.0014188256,0.04400393,0.0
0.030470952,-0.008759855,0.034103535,-0.6018554,0.0,0.0035138782,0.376077,0.28935063,-0.0046826317,0.0033449722,0.003733635,-0.022819554,-0.00801425,0.115436606,-0.0022421444,-0.00035340956,0.0069809724,-0.034732215,-0.0038186267,0.01451329,-0.11961475,0.0016591788,-0.033827372,-0.038948387,-0.005295871,0.013497307,0.021989867,-0.11991885,-0.017928561,-0.06393024,-0.00032692222,-0.0040384354,0.00031163072,0.0014188256,0.04400393,0.0
0.033502005,-0.009352681,0.034261815,-0.16401407,0.0,0.0041927504,0.4719553,0.28153118,0.010489799,0.0033449722,0.003733635,-0.026511038,-0.00801425,0.026535127,-0.0022421444,-0.00061346457,0.011000491,-0.034877524,-0.02023096,0.014549056,-0.12357358,-0.0083864,-0.033827372,-0.19631039,-0.005295871,0.014140512,0.019994035,-0.119845144,-0.13318118,-0.06393024,-0.00032692222,-0.0052083144,0.00031163072,0.0006747401,0.043871325,0.0
0.030470952,-0.011657565,0.034103535,-0.60198617,0.0,0.0035138782,0.4572601,0.28941715,-0.0076102167,0.0033449722,0.003733635,-0.025582502,-0.00801425,0.11485622,-0.0022421444,-0.00035340956,0.007280058,-0.034182522,-0.0039288346,0.01451329,-0.11961475,-0.005127282,-0.033827372,-0.0486368,-0.005295871,0.013497307,0.021920398,-0.11821808,-0.018393887,-0.06393024,-0.00032692222,-0.0036165833,0.00031163072,0.0014188256,0.04400393,0.0
0.030470952,-0.008759855,0.04800226,-0.59650606,0.0,0.0035138782,0.37632364,0.3429187,0.005281506,0.0033449722,0.003733635,-0.022819554,-0.00801425,0.11424504,-0.0022421444,-0.00035340956,0.0069809724,-0.03485141,-0.0023531204,0.01451329,-0.11961475,0.0016791547,-0.03155468,-0.017124051,-0.005295871,0.013497307,0.021959782,-0.09704792,-0.01844758,-0.06393024,-0.00032692222,-0.0040384354,0.00031163072,0.0014188256,0.04400393,0.0
0.030470952,-0.008501992,0.04800226,-0.5859801,0.0,0.0035138782,0.3770231,0.34285218,0.008451868,0.0033449722,0.003733635,-0.022801358,-0.00801425,0.044480447,-0.0022421444,-0.00035340956,0.0068159197,-0.0354011,-5.576019e-05,0.01451329,-0.11961475,-0.00055539707,-0.03155468,0.05171743,-0.005295871,0.013497307,0.021959782,-0.09874869,0.042481504,-0.06393024,-0.00032692222,-0.0040384354,0.00031163072,0.0014188256,0.04400393,0.0
-0.2931112,0.047913644,-0.085792705,0.04120193,0.0,0.0036226865,0.41140863,0.36529216,-0.00023244263,0.0033449722,0.003733635,-0.080238305,-0.00801425,0.12798882,-0.0022421444,-0.00035340956,0.009472733,-0.03802997,-0.002915317,0.01451329,-0.11599959,-0.0054973187,-0.032823406,-0.05113468,-0.005295871,0.012220653,0.021531021,-0.10639867,-0.017291797,-0.06393024,-0.00032692222,-0.0036165833,0.00031163072,0.0038144307,0.04400393,0.0
0.030470952,-0.011713118,0.034103535,-0.6020935,0.0,0.0034510465,0.44089687,0.28935063,-0.0075728297,0.0033449722,0.003733635,-0.025582502,-0.00801425,0.11544331,-0.0022421444,-0.00035340956,0.007280058,-0.034732215,-0.0039288346,0.01451329,-0.11961475,-0.0047389762,-0.033827372,-0.040412936,-0.005295871,0.013497307,0.021920398,-0.11991885,-0.017928561,-0.06393024,-0.00032692222,-0.0036649825,0.00031163072,0.0014188256,0.04400393,0.0
0.034070853,-0.029086169,0.036262177,-0.16283643,0.0,0.0009769932,0.45759732,0.28170648,0.010590997,0.0033449722,0.003733635,-0.0008087477,-0.00801425,-0.016055943,-0.0022421444,-0.00061346457,0.011883443,-0.03431184,-0.021048207,0.014549056,-0.13023643,-6.968583e-05,-0.034449104,-0.1889954,-0.005295871,0.014344401,0.021088447,-0.1316189,-0.13314576,-0.06393024,-0.00058867456,-0.004807773,0.00031163072,0.0006747401,0.043871325,0.0
-0.2931112,0.054235943,-0.085792705,0.03441967,0.0,0.0036226865,0.410484,0.36529216,-0.00023244263,0.0033449722,0.003733635,-0.080238305,-0.00801425,0.1259684,-0.0022421444,-0.00035340956,0.009472733,-0.03802997,-0.002915317,0.01451329,-0.11599959,-0.0054973187,-0.032823406,-0.05113468,-0.005295871,0.012220653,0.021531021,-0.10639867,-0.017291797,-0.06393024,-0.00032692222,-0.0036165833,0.00031163072,0.0038144307,0.04400393,0.0
0.030470952,-0.0057759755,0.034144092,-0.56742406,0.0,0.0035138782,0.40250066,0.2883424,-0.0043213614,0.0033449722,0.003733635,-0.02309902,-0.008727108,0.04790376,-0.0022421444,-0.00035340956,0.008547492,-0.034732215,-0.0016483134,0.01451329,-0.11961475,-4.6866364e-05,-0.03380248,0.030616676,-0.005295871,0.013497307,0.019067083,-0.1195146,0.04332561,-0.06393024,-0.00032692222,-0.0047947294,0.00031163072,0.0014188256,0.04400393,0.0
0.031003624,-0.025960917,0.034103535,-0.21325505,0.0,0.0021064933,0.4696284,0.28663993,-0.025810342,0.0033449722,0.003733635,-0.0009694451,-0.00801425,-0.07243097,-0.0022421444,-0.0014412353,0.008321455,-0.034365483,-0.021467641,0.011936704,-0.1257945,-0.005030622,-0.033827372,-0.042270612,-0.005295871,0.013724473,0.01981612,-0.11957242,-0.036884688,-0.061343182,-0.00058867456,-0.003711945,0.00031163072,0.0006747401,0.04400393,0.0
-0.2931112,-0.021261558,-0.085792705,0.039777584,0.0,0.0036226865,0.43702722,0.36492622,-0.003475653,0.0033449722,0.003733635,-0.06920013,-0.00801425,0.1259684,-0.0022421444,-0.00035340956,0.009042563,-0.03875769,-0.0030250861,0.014549056,-0.11599959,-0.005107493,-0.032823406,-0.046117682,-0.005295871,0.012220653,0.02308773,-0.10819957,-0.016789278,-0.06393024,-0.00032692222,-0.0036165833,0.00031163072,0.0038144307,0.043871325,0.0
0.031003624,-0.02972948,0.050002623,-0.20850366,0.0,0.0023242347,0.4212335,0.3403168,-0.012732493,0.0033449722,0.003733635,-0.00094023277,-0.00801425,-0.02648417,-0.0022421444,-0.0014412353,0.0051960996,-0.034468688,-0.020565731,0.011936704,-0.12643737,0.0010253226,-0.032176413,0.011614929,-0.005295871,0.013713328,0.022947563,-0.109940454,-0.008610376,-0.061343182,-0.00058867456,-0.003216042,0.00031163072,0.0006747401,0.04400393,0.0
0.034657806,-0.03166706,0.051304914,-0.16205865,0.0,-5.9377868e-05,0.42377165,0.34142235,0.020242102,0.0033449722,0.003733635,-0.00094023277,-0.00801425,-0.01597174,-0.0022421444,-0.00061346457,0.009023277,-0.03483542,-0.019203778,0.01451329,-0.13023643,0.0009015877,-0.032176413,-0.17913538,-0.005295871,0.014456707,0.023398677,-0.11090402,-0.1333327,-0.06393024,-0.00058867456,-0.0046640127,0.00031163072,0.0006747401,0.04400393,0.0
0.031003624,-0.02972948,0.036103893,-0.2096748,0.0,0.0023242347,0.42098686,0.28681523,-0.022718167,0.0033449722,0.003733635,-0.00094023277,-0.00801425,-0.02607168,-0.0022421444,-0.0014412353,0.0051960996,-0.033799797,-0.022031238,0.011936704,-0.12643737,0.0010053469,-0.034449104,-0.014822241,-0.005295871,0.013713328,0.022977648,-0.1315396,-0.008573719,-0.061343182,-0.00058867456,-0.003216042,0.00031163072,0.0006747401,0.04400393,0.0
0.030470952,-0.008501992,0.04800226,-0.5859801,0.0,0.0035138782,0.3770231,0.3429187,0.008451868,0.0033449722,0.003733635,-0.022801358,-0.00801425,0.044480447,-0.0022421444,-0.00035340956,0.0068159197,-0.03485141,-5.576019e-05,0.01451329,-0.11961475,-0.00055539707,-0.03155468,0.023945678,-0.005295871,0.013497307,0.021959782,-0.09704792,0.040911853,-0.06393024,-0.00032692222,-0.0040384354,0.00031163072,0.0014188256,0.04400393,0.0
-0.2931112,0.040299803,-0.08043404,0.0404137,0.0,0.0036226865,0.396682,0.36522564,7.9069374e-05,0.0033449722,0.003733635,-0.08311879,-0.00801425,0.13023978,-0.0022421444,-0.00035340956,0.011771736,-0.038579658,-0.002915317,0.01451329,-0.11599959,-0.00968579,-0.032823406,-0.04250269,-0.005295871,0.012220653,0.023129726,-0.108099446,-0.016809436,-0.06393024,-0.00032692222,-0.0036165833,0.00031163072,0.0038144307,0.04400393,0.0
0.030470952,-0.011657565,0.034103535,-0.6020935,0.0,0.0035138782,0.44100994,0.28941715,-0.0075728297,0.0033449722,0.003733635,-0.025582502,-0.00801425,0.11544331,-0.0022421444,-0.00035340956,0.007280058,-0.034182522,-0.0039288346,0.01451329,-0.11961475,-0.0047009233,-0.033827372,-0.0452724,-0.005295871,0.013497307,0.021920398,-0.11821808,-0.018410923,-0.06393024,-0.00032692222,-0.0036165833,0.00031163072,0.0014188256,0.04400393,0.0
0.030470952,-0.008759855,0.034103535,-0.6018554,0.0,0.0035138782,0.376077,0.28935063,-0.0046826317,0.0033449722,0.003733635,-0.022819554,-0.00801425,0.115436606,-0.0022421444,-0.00035340956,0.0069809724,-0.034732215,-0.0038186267,0.01451329,-0.11961475,0.0016591788,-0.033827372,-0.038948387,-0.005295871,0.013497307,0.021989867,-0.11991885,-0.017928561,-0.06393024,-0.00032692222,-0.0040384354,0.00031163072,0.0014188256,0.04400393,0.0
0.034070853,-0.0095549915,0.034261815,-0.1671831,0.0,0.0006666265,0.4728421,0.28183064,0.0054400237,0.0033449722,0.003733635,-0.02583049,-0.00801425,0.051330443,-0.0022421444,-0.00061346457,0.011116547,-0.0346995,-0.02195292,0.01451329,-0.12959355,-0.0059561767,-0.033827372,-0.17620902,-0.005295871,0.014367678,0.020129476,-0.119398594,-0.15359776,-0.06393024,-0.00058867456,-0.0051599154,0.00031163072,0.0006747401,0.04400393,0.0
-0.2931112,-0.021317111,-0.085792705,0.03974329,0.0,0.0035598548,0.45261452,0.36522564,-0.003513041,0.0033449722,0.003733635,-0.068551056,-0.00801425,0.12538132,-0.0022421444,-0.00035340956,0.009042563,-0.038579658,-0.002915317,0.01451329,-0.11599959,-0.0055358745,-0.032823406,-0.04949797,-0.005295871,0.012220653,0.02308773,-0.108099446,-0.0167924,-0.06393024,-0.00032692222,-0.0036649825,0.00031163072,0.0038144307,0.04400393,0.0
-0.2931112,0.054556392,-0.085792705,0.040586296,0.0,0.0035598548,0.41074768,0.36386776,-0.00023244263,0.0033449722,0.003733635,-0.08042283,-0.00801425,0.12798882,-0.0022421444,-0.00035340956,0.009472733,-0.038579658,-0.002915317,0.01451329,-0.11599959,-0.0055353716,-0.032823406,-0.04599778,-0.005295871,0.012220653,0.021531021,-0.105998605,-0.016531976,-0.06393024,-0.00032692222,-0.0036649825,0.00031163072,0.0038144307,0.04400393,0.0
0.030416671,-0.008202164,0.034144092,-0.21917424,0.0,0.0031428635,0.47402188,0.28035423,-0.023993984,0.0033449722,0.003733635,-0.026479559,-0.00801425,0.07820231,-0.0022421444,-0.00035340956,0.010087298,-0.034877524,0.00069224404,0.014549056,-0.12573452,-0.005748432,-0.033827372,-0.07165047,-0.005295871,0.013612167,0.019715525,-0.11868816,-0.03680711,-0.06393024,-0.00058867456,-0.003760344,0.00031163072,0.0006747401,0.043871325,0.0
-0.2931112,0.037757147,-0.08043404,0.04120193,0.0,0.0036226865,0.37362185,0.36522564,-0.00025550497,0.0033449722,0.003733635,-0.08311879,-0.00801425,0.12796696,-0.0022421444,-0.00035340956,0.010287928,-0.038579658,-0.002915317,0.01451329,-0.11599959,-0.00899628,-0.032823406,-0.046117682,-0.005295871,0.012220653,0.023129726,-0.108099446,-0.016809436,-0.06393024,-0.00032692222,-0.0036165833,0.00031163072,0.0038144307,0.04400393,0.0
0.029884,-0.010948141,0.034103535,-0.6020935,0.0,0.0046986197,0.44100994,0.28339517,-0.0075728297,0.0033449722,0.003733635,-0.025582502,-0.00801425,0.11544331,-0.0022421444,-0.00035340956,0.007280058,-0.0346995,-0.0039288346,0.01451329,-0.11961475,-0.0053675817,-0.033827372,-0.039731238,-0.005295871,0.013385001,0.021920398,-0.11893447,-0.017928561,-0.06393024,-0.00032692222,-0.0036165833,0.00031163072,0.0014188256,0.04400393,0.0
0.030470952,-0.0057652825,0.034144092,-0.5889764,0.0,0.0034510465,0.4006162,0.2893912,-0.0011776942,0.0033449722,0.003733635,-0.02309902,-0.00801425,0.047944833,-0.0022421444,-0.00035340956,0.008632309,-0.034732215,-0.0015212663,0.01451329,-0.11961475,3.3204822e-05,-0.033827372,0.030184044,-0.005295871,0.013497307,0.01964955,-0.11991885,0.04251816,-0.06393024,-0.00032692222,-0.0048431284,0.00031163072,0.0014188256,0.04400393,0.0
0.030470952,-0.008759855,0.04800226,-0.59650606,0.0,0.0035138782,0.37632364,0.34285218,0.005281506,0.0033449722,0.003733635,-0.022819554,-0.00801425,0.11424504,-0.0022421444,-0.00035340956,0.0069809724,-0.0354011,-0.0023531204,0.01451329,-0.11961475,0.0016791547,-0.03155468,-0.01210704,-0.005295871,0.013497307,0.021959782,-0.09874869,-0.017965218,-0.06393024,-0.00032692222,-0.0040384354,0.00031163072,0.0014188256,0.04400393,0.0
0.030475508,-0.011657565,0.04800226,-0.59663683,0.0,0.0035138782,0.45765385,0.34285218,0.002353919,0.0033449722,0.003733635,-0.025582502,-0.00801425,0.11401637,-0.0022421444,-0.00035340956,0.007280058,-0.0354011,-0.0024633284,0.01451329,-0.11961475,-0.005107306,-0.03155468,-0.0160063,-0.005295871,0.013497307,0.021890312,-0.09797329,-0.017948182,-0.06393024,-0.00032692222,-0.0036165833,0.00031163072,0.0014188256,0.04400393,0.0
0.030470952,-0.008856034,0.034144092,-0.59974045,0.0,0.0035138782,0.47175947,0.2893912,-0.0072382567,0.0033449722,0.003733635,-0.025880164,-0.00801425,0.11771613,-0.0022421444,-0.00035340956,0.010140224,-0.034732215,-0.0039288346,0.01451329,-0.11961475,-0.005131413,-0.033827372,-0.03629205,-0.005295871,0.013497307,0.019580081,-0.11991885,-0.017928561,-0.06393024,-0.00032692222,-0.003711945,0.00031163072,0.0014188256,0.04400393,0.0
0.034657806,-0.02960519,0.034221258,-0.16565368,0.0,-0.00051811524,0.43800142,0.2878169,0.0047273682,0.0033449722,0.003733635,-0.001048652,-0.00801425,-0.03861089,-0.0022421444,-0.0017012903,0.005921776,-0.034365483,-0.033760097,0.011936704,-0.12965353,-0.004887933,-0.033827372,-0.17157212,-0.005295871,0.0144799845,0.022436362,-0.12038297,-0.1547748,-0.061343182,-0.00058867456,-0.005064554,0.00031163072,0.0006747401,0.04400393,0.0
-0.2931112,0.04126962,-0.111039326,0.040708113,0.0,0.0036226865,0.36306176,0.41340253,0.012531508,0.0033449722,0.003733635,-0.07013675,-0.00801425,0.12678264,-0.0022421444,-0.00035340956,0.009177885,-0.038116917,-0.0013396029,0.01451329,-0.11599959,0.00088276144,-0.031230692,-0.02298634,-0.005295871,0.012220653,0.022689976,-0.09438172,-0.017328454,-0.06393024,-0.00032692222,-0.0040384354,0.00031163072,0.0038144307,0.04400393,0.0
-0.2904286,-0.020349825,-0.085792705,0.04196516,0.0,0.0038574156,0.4376136,0.3589708,0.0018145824,0.0033449722,0.003733635,-0.06918193,-0.00801425,0.05483093,-0.0022421444,-0.00035340956,0.008701609,-0.038724974,-0.0008396915,0.014549056,-0.11599959,-0.008039173,-0.032823406,0.021342658,-0.005295871,0.012169179,0.02308773,-0.10721518,0.049868334,-0.06393024,-0.00032692222,-0.0036649825,0.00031163072,0.0038144307,0.043871325,0.0
0.030470952,-0.00859817,0.034144092,-0.58913535,0.0,0.0035138782,0.4926336,0.2893912,-0.0019854105,0.0033449722,0.003733635,-0.02586197,-0.00801425,0.045709934,-0.0022421444,-0.00035340956,0.009799272,-0.034732215,-0.0016314744,0.01451329,-0.11961475,-0.007825459,-0.033827372,0.026446717,-0.005295871,0.013497307,0.019580081,-0.11991885,0.0425352,-0.06393024,-0.00032692222,-0.003711945,0.00031163072,0.0014188256,0.04400393,0.0
0.030470952,-0.008759855,0.04800226,-0.59650606,0.0,0.0035138782,0.37632364,0.3429187,0.005281506,0.0033449722,0.003733635,-0.022819554,-0.00801425,0.11424504,-0.0022421444,-0.00035340956,0.0069809724,-0.03485141,-0.0023531204,0.01451329,-0.11961475,0.0016791547,-0.03155468,-0.017124051,-0.005295871,0.013497307,0.021959782,-0.09704792,-0.01844758,-0.06393024,-0.00032692222,-0.0040384354,0.00031163072,0.0014188256,0.04400393,0.0
-0.2904286,0.048993204,-0.085792705,0.03935219,0.0,0.0039202473,0.41118345,0.35927024,0.0050577917,0.0033449722,0.003733635,-0.08022011,-0.00801425,0.055190474,-0.0022421444,-0.00035340956,0.009131781,-0.038546942,-0.0007299223,0.01451329,-0.11599959,-0.008390946,-0.032823406,0.02227673,-0.005295871,0.012169179,0.021531021,-0.10711506,0.04984818,-0.06393024,-0.00032692222,-0.0036165833,0.00031163072,0.0038144307,0.04400393,0.0
0.030470952,-0.009268368,0.03115403,-0.5716465,0.0,0.0035138782,0.39285296,0.28830183,-0.0055720415,0.0033449722,0.003733635,-0.028444787,-0.008727108,0.045517847,-0.0022421444,-0.00035340956,0.008119233,-0.034732215,-0.0017585213,0.01451329,-0.11961475,-0.010791729,-0.03380248,0.025406796,-0.005295871,0.013497307,0.023697715,-0.1195146,0.04332561,-0.06393024,-0.00032692222,-0.0036165833,0.00031163072,0.0014188256,0.04400393,0.0
0.030470952,-0.011657565,0.034103535,-0.6020935,0.0,0.0035138782,0.44100994,0.28941715,-0.0075728297,0.0033449722,0.003733635,-0.025582502,-0.00801425,0.11544331,-0.0022421444,-0.00035340956,0.007280058,-0.034182522,-0.0039288346,0.01451329,-0.11961475,-0.0047009233,-0.033827372,-0.0452724,-0.005295871,0.013497307,0.021920398,-0.11821808,-0.018410923,-0.06393024,-0.00032692222,-0.0036165833,0.00031163072,0.0014188256,0.04400393,0.0
-0.2931112,-0.020643327,-0.08043404,0.039777584,0.0,0.0036226865,0.3927185,0.36522564,-0.0034987153,0.0033449722,0.003733635,-0.07143153,-0.00801425,0.12594654,-0.0022421444,-0.00035340956,0.010191953,-0.038579658,-0.002915317,0.01451329,-0.11599959,-0.008570422,-0.032823406,-0.046117682,-0.005295871,0.012220653,0.025051555,-0.108099446,-0.016809436,-0.06393024,-0.00032692222,-0.0036165833,0.00031163072,0.0038144307,0.04400393,0.0
-0.2931112,-0.021059247,-0.085792705,0.04196516,0.0,0.0035598548,0.43706375,0.36522564,0.0018145824,0.0033449722,0.003733635,-0.068532854,-0.00801425,0.05483093,-0.0022421444,-0.00035340956,0.008701609,-0.038579658,-0.0007299223,0.01451329,-0.11599959,-0.0073364815,-0.032823406,0.020818502,-0.005295871,0.012220653,0.02308773,-0.108099446,0.04984818,-0.06393024,-0.00032692222,-0.0036649825,0.00031163072,0.0038144307,0.04400393,0.0
0.030470952,-0.011657565,0.034103535,-0.6020935,0.0,0.0035138782,0.44100994,0.28935063,-0.0075728297,0.0033449722,0.003733635,-0.025582502,-0.00801425,0.11544331,-0.0022421444,-0.00035340956,0.007280058,-0.034732215,-0.0039288346,0.01451329,-0.11961475,-0.0047009233,-0.033827372,-0.040255386,-0.005295871,0.013497307,0.021920398,-0.11991885,-0.017928561,-0.06393024,-0.00032692222,-0.0036165833,0.00031163072,0.0014188256,0.04400393,0.0
-0.2931112,-0.021261558,-0.111039326,0.039392073,0.0,0.0036226865,0.43672395,0.41340253,0.0063981,0.0033449722,0.003733635,-0.068551056,-0.00801425,0.12477684,-0.0022421444,-0.00035340956,0.009042563,-0.038116917,-0.0014498107,0.01451329,-0.11599959,-0.005051486,-0.031230692,-0.023789303,-0.005295871,0.012220653,0.023057645,-0.09438172,-0.017328454,-0.06393024,-0.00032692222,-0.0036165833,0.00031163072,0.0038144307,0.04400393,0.0
